,Unnamed: 0,res_start,res_final,kind,size,label,pdbid,chain,seq,c_mean,t_mean,w_mean,c_std,t_std,w_std,c_raw,t_raw,w_raw,cs_raw,ts_raw,ws_raw,cs_mean,ts_mean,ws_mean,c_std_s,t_std_s,ws_std,phi,psi,ss,ss_pp2,ho1_en_mean,ho1_A_mean,ho1_en_std,ho1_A_std,ho1_en_median,ho1_A_median,ho1_en_vals,ho1_A_vals,ho2_en_mean,ho2_A_mean,ho2_en_std,ho2_A_std,ho2_en_median,ho2_en_vals,ho2_A_vals,hn1_en_mean,hn1_A_mean,hn1_en_std,hn1_A_std,hn1_en_median,hn1_A_median,hn1_en_vals,hn1_A_vals,hn2_en_mean,hn2_A_mean,hn2_en_std,hn2_A_std,hn2_en_median,hn2_A_median,hn2_en_vals,hn2_A_vals,0,1,ss_major,membership_vec,grp_frag_clusters
1,2850,132,134,round,3,2.0,P83370,A,"['F', 'N', 'G']",0.6614334,-0.114,-0.20393066,0.051154815,0.009813764,0.0136455335,[0.6117 0.6587 0.7139],[-0.1235 -0.1146 -0.1039],[-0.189263   -0.20627999 -0.216249  ],[0.25403233 0.32320874 0.42061277],[0.50432415 0.39832631 0.45171518],[-0.10823    -0.20393067 -0.15717533],0.33261794,0.4514552,-0.15644532,0.08368788,0.052999396,0.04785451,['55.3' '54.1' '61.6'],['30.7' '29.2' '23.8'],"['G', 'G', 'G']",['G' 'G' 'G'],-1.0333333333333332,-3.0,0.7505553499465134,1.0,-0.6,1.0,[-0.6 -0.6 -1.9],[-2 -4 -3],-0.6666666666666666,-1.3333333333333333,0.6350852961085883,4.041451884327381,-0.3,[-0.3 -0.3 -1.4],[ 1  1 -6],-1.4666666666666666,1.6666666666666667,1.011599393699568,2.309401076758504,-2.0,3.0,[-2.  -2.1 -0.3],[ 3  3 -1],-0.2,-3.333333333333333,0.0999999999999999,2.081665999466133,-0.2,-4.0,[-0.1 -0.3 -0.2],[-1 -4 -5],P83370,A,G,[0.23313461 0.24498809 0.25621054 0.26566676],3
73,90117,47,49,round,3,2.0,Q81GP2,A,"['S', 'A', 'Y']",0.7813334,-0.09243333,-0.19331966,0.39949968,0.011111404,0.07186388,[1.2402 0.5929 0.5109],[-0.1019 -0.0802 -0.0952],[-0.110629   -0.240674   -0.22865599],[0.44480088 0.38179774 0.31229556],[0.5294942  0.44419962 0.52282945],[-0.114605   -0.19331967 -0.145244  ],0.3796314,0.49884108,-0.15105622,0.06627922,0.04743809,0.039677903,['51.9' '45.9' '64.4'],['41.3' '48.3' '39.7'],"['H', 'H', 'H']",['H' 'H' 'H'],-0.4000000000000001,-0.3333333333333333,0.3464101615137755,2.309401076758503,-0.2,2.0,[-0.2 -0.2 -0.8],[ 1  1 -3],-0.2,1.6666666666666667,3.3993498887762956e-17,0.5773502691896257,-0.2,[-0.2 -0.2 -0.2],[2 2 1],-0.9666666666666668,0.6666666666666666,1.3279056191361394,2.886751345948129,-0.2,-1.0,[-2.5 -0.2 -0.2],[ 4 -1 -1],-0.6666666666666666,2.6666666666666665,0.8962886439832501,4.041451884327381,-0.2,5.0,[-1.7 -0.1 -0.2],[ 5  5 -2],Q81GP2,A,H,[0.22474391 0.24243717 0.28831431 0.2445046 ],2
109,148219,164,166,round,3,1.0,Q7A4A4,A,"['S', 'Y', 'F']",0.76226664,-0.10966667,-0.196508,0.1467128,0.009285653,0.031172283,[0.9207 0.6311 0.735 ],[-0.1177 -0.0995 -0.1118],[-0.16052701 -0.21535701 -0.21364   ],[0.37775824 0.37248083 0.39736936],[0.47773606 0.40754351 0.46270493],[-0.140278   -0.19650801 -0.15787467],0.38253614,0.44932815,-0.16488689,0.01311415,0.036958784,0.028763374,['50.1' '52.9' '55.6'],['43.2' '29.5' '23.8'],"['G', 'G', 'G']",['G' 'G' 'G'],-2.1666666666666665,-3.6666666666666665,0.6658328118479392,1.1547005383792517,-2.0,1.0,[-2.  -2.9 -1.6],[-3 -5 -3],-0.3333333333333333,-1.3333333333333333,0.0577350269189625,4.041451884327381,-0.3,[-0.3 -0.3 -0.4],[ 1  1 -6],-1.633333333333333,1.6666666666666667,1.1547005383792517,2.309401076758504,-2.3,3.0,[-2.3 -2.3 -0.3],[ 3  3 -1],-0.2333333333333333,-2.0,0.0577350269189625,1.0,-0.2,-2.0,[-0.2 -0.3 -0.2],[-3 -1 -2],Q7A4A4,A,G,[0.22644621 0.23977035 0.28832246 0.24546098],2
116,159085,826,828,round,3,2.0,Q6FNM7,A,"['G', 'N', 'L']",0.75086665,-0.1133,-0.18161432,0.16634081,0.0070682373,0.038623206,[0.9426 0.6451 0.6649],[-0.1187 -0.1053 -0.1159],[-0.137118   -0.20647199 -0.201253  ],[0.4124686  0.36691023 0.38288904],[0.4793668  0.39981524 0.44909183],[-0.116884   -0.18161433 -0.14680633],0.38742262,0.44275796,-0.14843489,0.023115067,0.040152222,0.03239588,['57.8' '52.3' '54.3'],['29.0' '27.8' '38.5'],"['G', 'G', 'G']",['G' 'G' 'G'],-1.5333333333333332,-1.6666666666666667,1.1930353445448854,2.309401076758504,-1.9,1.0,[-1.9 -0.2 -2.5],[-3  1 -3],-0.2333333333333333,1.3333333333333333,0.1154700538379251,0.5773502691896257,-0.3,[-0.3 -0.1 -0.3],[1 2 1],-1.0666666666666669,59.333333333333336,0.6110100926607788,97.57219549304676,-1.2,3.0,[-1.2 -1.6 -0.4],[  3   3 172],-0.2,-1.3333333333333333,0.0999999999999999,0.5773502691896257,-0.2,-1.0,[-0.1 -0.3 -0.2],[-2 -1 -1],Q6FNM7,A,G,[0.20765893 0.2218893  0.25522416 0.22512474],2
146,199224,47,49,round,3,2.0,C3LBX0,A,"['S', 'A', 'Y']",0.79100007,-0.092,-0.194558,0.4122496,0.011399997,0.07177572,[1.264  0.6009 0.5081],[-0.1016 -0.0794 -0.095 ],[-0.112061   -0.24269401 -0.228919  ],[0.45198403 0.38652135 0.31302853],[0.53034502 0.44512134 0.52360937],[-0.115417   -0.194558   -0.14585134],0.38384464,0.4996919,-0.15194212,0.06951641,0.047379345,0.039920516,['51.8' '46.3' '62.6'],['40.3' '48.2' '43.0'],"['H', 'H', 'H']",['H' 'H' 'H'],-0.4000000000000001,-0.3333333333333333,0.3464101615137755,2.309401076758503,-0.2,2.0,[-0.2 -0.2 -0.8],[ 1  1 -3],-0.2,1.6666666666666667,3.3993498887762956e-17,0.5773502691896257,-0.2,[-0.2 -0.2 -0.2],[2 2 1],-1.0333333333333334,0.6666666666666666,1.4433756729740643,2.886751345948129,-0.2,-1.0,[-2.7 -0.2 -0.2],[ 4 -1 -1],-0.7000000000000001,2.6666666666666665,0.9539392014169458,4.041451884327381,-0.2,5.0,[-1.8 -0.1 -0.2],[ 5  5 -2],C3LBX0,A,H,[0.17702707 0.19044578 0.20608936 0.19250565],2
191,259469,737,739,round,3,1.0,O43897,A,"['D', 'N', 'G']",0.6768667,-0.11196667,-0.20722766,0.0547679,0.01039054,0.01572914,[0.6352 0.6565 0.7389],[-0.1232 -0.11   -0.1027],[-0.18995  -0.211017 -0.220716],[0.25180082 0.33075021 0.42986451],[0.50184259 0.40265131 0.45136068],[-0.11340933 -0.20722767 -0.162631  ],0.33747184,0.45195153,-0.16108933,0.08922194,0.04959828,0.046928164,['53.0' '55.2' '62.2'],['32.1' '31.6' '11.9'],"['G', 'G', 'G']",['G' 'G' 'G'],-0.9666666666666668,-3.0,0.6429100507328637,1.0,-0.7,1.0,[-0.5 -0.7 -1.7],[-2 -4 -3],-0.5,-1.3333333333333333,0.3464101615137755,4.041451884327381,-0.3,[-0.3 -0.3 -0.9],[ 1  1 -6],-1.7,1.6666666666666667,1.212435565298214,2.309401076758504,-2.4,3.0,[-2.4 -2.4 -0.3],[ 3  3 -1],-0.2333333333333333,0.3333333333333333,0.0577350269189625,3.2145502536643185,-0.2,-1.0,[-0.2 -0.3 -0.2],[ 4 -1 -2],O43897,A,G,[0.21386898 0.22775316 0.23631956 0.23648661],3
207,286254,164,166,round,3,1.0,Q49ZB5,A,"['N', 'Y', 'F']",0.74736667,-0.10903334,-0.19524834,0.14237592,0.0070323087,0.031998787,[0.9059 0.6304 0.7058],[-0.1145 -0.1011 -0.1115],[-0.158318   -0.212696   -0.21473099],[0.37917532 0.36519996 0.38327996],[0.47837417 0.40889064 0.46809345],[-0.138932   -0.19524833 -0.15464   ],0.37588507,0.4517861,-0.16294011,0.009478442,0.0375025,0.029061163,['48.8' '53.6' '57.1'],['47.2' '26.5' '24.6'],"['G', 'G', 'G']",['G' 'G' 'G'],-2.033333333333333,-3.6666666666666665,0.7571877794400365,1.1547005383792517,-1.7,1.0,[-1.7 -2.9 -1.5],[-3 -5 -3],-0.3333333333333333,-1.3333333333333333,0.0577350269189625,4.041451884327381,-0.3,[-0.3 -0.3 -0.4],[ 1  1 -6],-1.6,1.6666666666666667,1.1269427669584644,2.309401076758504,-2.2,3.0,[-2.3 -2.2 -0.3],[ 3  3 -1],-0.2333333333333333,-2.0,0.0577350269189625,1.0,-0.2,-2.0,[-0.2 -0.3 -0.2],[-3 -1 -2],Q49ZB5,A,G,[0.2257402  0.24105041 0.28807276 0.24513663],2
252,352230,47,49,round,3,2.0,P60298,A,"['S', 'A', 'Y']",0.7651333,-0.09406666,-0.19132733,0.37447587,0.012282646,0.070440985,[1.1946 0.594  0.5068],[-0.1058 -0.0813 -0.0951],[-0.110217 -0.237152 -0.226613],[0.42574356 0.37388162 0.31081332],[0.52467289 0.44072544 0.52247494],[-0.114605   -0.19132733 -0.14304366],0.37014616,0.49595776,-0.14965867,0.057556108,0.04784521,0.038786568,['52.1' '46.1' '64.5'],['41.7' '47.5' '39.8'],"['H', 'H', 'H']",['H' 'H' 'H'],-0.4000000000000001,-0.3333333333333333,0.3464101615137755,2.309401076758503,-0.2,2.0,[-0.2 -0.2 -0.8],[ 1  1 -3],-0.2,1.6666666666666667,3.3993498887762956e-17,0.5773502691896257,-0.2,[-0.2 -0.2 -0.2],[2 2 1],-1.0000000000000002,0.6666666666666666,1.385640646055102,2.886751345948129,-0.2,-1.0,[-2.6 -0.2 -0.2],[ 4 -1 -1],-0.6333333333333334,2.6666666666666665,0.8386497083606083,4.041451884327381,-0.2,5.0,[-1.6 -0.1 -0.2],[ 5  5 -2],P60298,A,H,[0.22560168 0.24220371 0.28749851 0.2446961 ],2
253,352982,182,184,round,3,1.0,Q16222,A,"['K', 'Y', 'F']",0.7324667,-0.11143333,-0.18616134,0.14453733,0.0043935566,0.027814867,[0.8972 0.6269 0.6733],[-0.1134 -0.1064 -0.1145],[-0.154055 -0.20147  -0.202959],[0.37557561 0.35791909 0.35681149],[0.47610533 0.40378573 0.47404918],[-0.13289233 -0.18616133 -0.14074133],0.3634354,0.4513134,-0.153265,0.0105283065,0.041173015,0.0287581,['48.9' '56.3' '54.0'],['43.5' '25.9' '29.5'],"['G', 'G', 'G']",['G' 'G' 'G'],-2.2666666666666666,-3.6666666666666665,0.6429100507328637,1.1547005383792517,-2.0,1.0,[-1.8 -3.  -2. ],[-3 -5 -3],-0.3,-1.3333333333333333,0.0,4.041451884327381,-0.3,[-0.3 -0.3 -0.3],[ 1  1 -6],-1.366666666666667,1.6666666666666667,0.9712534856222312,2.309401076758504,-1.6,3.0,[-1.6 -2.2 -0.3],[ 3  3 -1],-0.2333333333333333,-2.0,0.0577350269189625,1.0,-0.2,-2.0,[-0.2 -0.3 -0.2],[-3 -1 -2],Q16222,A,G,[0.2069138  0.22237362 0.25468446 0.22471792],2
263,366907,196,198,round,3,3.0,Q5W915,A,"['S', 'Y', 'F']",0.7386,-0.112333335,-0.19204433,0.13547187,0.007375861,0.026413603,[0.8939 0.6447 0.6772],[-0.1188 -0.1043 -0.1139],[-0.161548 -0.207691 -0.206894],[0.36300103 0.36091613 0.35668118],[0.46929877 0.40187139 0.47404918],[-0.140324   -0.19204433 -0.14281666],0.36019945,0.44840646,-0.15839499,0.0032203037,0.040370476,0.029167818,['50.4' '54.2' '52.0'],['44.6' '25.5' '32.7'],"['G', 'G', 'G']",['G' 'G' 'G'],-2.2333333333333334,-3.6666666666666665,0.6806859285554046,1.1547005383792517,-2.0,1.0,[-2.  -3.  -1.7],[-3 -5 -3],-0.3333333333333333,-1.3333333333333333,0.0577350269189625,4.041451884327381,-0.3,[-0.3 -0.3 -0.4],[ 1  1 -6],-1.4666666666666666,1.6666666666666667,1.011599393699568,2.309401076758504,-2.0,3.0,[-2.  -2.1 -0.3],[ 3  3 -1],-0.2333333333333333,-2.0,0.0577350269189625,1.0,-0.2,-2.0,[-0.2 -0.3 -0.2],[-3 -1 -2],Q5W915,A,G,[0.19251341 0.20580937 0.23027366 0.20913439],2
279,394682,267,269,round,3,2.0,Q9NPY3,A,"['N', 'N', 'G']",0.6486667,-0.109066665,-0.21603167,0.07591026,0.010722094,0.014637463,[0.5839 0.6299 0.7322],[-0.1213 -0.1046 -0.1013],[-0.19971301 -0.22037899 -0.228003  ],[0.25012311 0.3169703  0.41215913],[0.50162989 0.40881975 0.46001067],[-0.1169     -0.21603167 -0.169273  ],0.3264175,0.4568201,-0.16740155,0.08143006,0.04648726,0.049592324,['49.0' '55.9' '62.4'],['35.2' '34.4' '10.5'],"['G', 'G', 'G']",['G' 'G' 'G'],-1.0333333333333332,-3.0,0.7505553499465134,1.0,-0.6,1.0,[-0.6 -0.6 -1.9],[-2 -4 -3],-0.3333333333333333,-1.3333333333333333,0.0577350269189625,4.041451884327381,-0.3,[-0.3 -0.3 -0.4],[ 1  1 -6],-1.6,1.6666666666666667,1.1357816691600546,2.309401076758504,-2.1,3.0,[-2.1 -2.4 -0.3],[ 3  3 -1],-0.2333333333333333,-1.3333333333333333,0.0577350269189625,0.5773502691896257,-0.2,-1.0,[-0.2 -0.3 -0.2],[-1 -1 -2],Q9NPY3,A,G,[0.23198872 0.24754854 0.25550845 0.26495429],3
306,417171,143,145,round,3,2.0,Q28278,A,"['D', 'N', 'G']",0.6512,-0.10486666,-0.21076533,0.03287719,0.0017097766,0.016459694,[0.6171 0.6538 0.6827],[-0.106  -0.1057 -0.1029],[-0.191806 -0.221398 -0.219092],[0.24108312 0.31820821 0.41077462],[0.52991961 0.41775334 0.45781272],[-0.11754133 -0.21076533 -0.16367166],0.32335532,0.46849522,-0.16399278,0.08496276,0.05684105,0.04661283,['50.1' '45.3' '64.2'],['41.1' '37.3' '17.1'],"['G', 'G', 'G']",['G' 'G' 'G'],-0.9333333333333332,-3.0,0.9237604307034012,1.0,-0.4,1.0,[-0.4 -0.4 -2. ],[-2 -4 -3],-0.3,1.0,0.0,0.0,-0.3,[-0.3 -0.3 -0.3],[1 1 1],-1.5333333333333332,1.6666666666666667,1.0969655114602888,2.309401076758504,-1.9,3.0,[-2.4 -1.9 -0.3],[ 3  3 -1],-0.2,-3.6666666666666665,0.0999999999999999,3.785938897200183,-0.2,-2.0,[-0.1 -0.3 -0.2],[-2 -1 -8],Q28278,A,G,[0.23310536 0.24525992 0.25598001 0.26565471],3
313,425708,164,166,round,3,1.0,Q99S95,A,"['S', 'Y', 'F']",0.76143336,-0.10996667,-0.19575833,0.14452462,0.009402838,0.031083163,[0.9154 0.6287 0.7402],[-0.1177 -0.0995 -0.1127],[-0.159872 -0.214241 -0.213162],[0.37599911 0.37207362 0.39406283],[0.47773606 0.4069054  0.46284673],[-0.139525   -0.19575833 -0.15704433],0.38071185,0.44916272,-0.16410922,0.011727692,0.037345476,0.028774668,['49.9' '53.7' '55.5'],['43.1' '29.2' '23.0'],"['G', 'G', 'G']",['G' 'G' 'G'],-2.2,-3.6666666666666665,0.5567764362830021,1.1547005383792517,-2.1,1.0,[-2.1 -2.8 -1.7],[-3 -5 -3],-0.3333333333333333,-1.3333333333333333,0.0577350269189625,4.041451884327381,-0.3,[-0.3 -0.3 -0.4],[ 1  1 -6],-1.6,1.6666666666666667,1.1269427669584644,2.309401076758504,-2.2,3.0,[-2.2 -2.3 -0.3],[ 3  3 -1],-0.2333333333333333,-2.0,0.0577350269189625,1.0,-0.2,-2.0,[-0.2 -0.3 -0.2],[-3 -1 -2],Q99S95,A,G,[0.22525361 0.24237522 0.28772373 0.24464744],2
321,432043,247,249,round,3,3.0,P15306,A,"['E', 'N', 'G']",0.6337667,-0.1098,-0.20801267,0.057165727,0.0089771915,0.014489721,[0.5888 0.6144 0.6981],[-0.12   -0.1063 -0.1031],[-0.19130699 -0.215564   -0.217167  ],[0.23948687 0.30968944 0.41215913],[0.50964176 0.40725991 0.45348773],[-0.11223566 -0.20801267 -0.16289033],0.32044515,0.45679647,-0.16104622,0.08683715,0.051271062,0.047915123,['46.1' '52.3' '64.3'],['40.3' '35.4' '12.8'],"['G', 'G', 'G']",['G' 'G' 'G'],-1.7666666666666666,-25.666666666666668,1.1676186592091329,38.397048497681865,-2.0,-6.0,[-2.8 -0.5 -2. ],[-70  -4  -3],-0.5333333333333333,-26.33333333333333,0.2516611478423584,38.734136537856806,-0.5,[-0.5 -0.3 -0.8],[ -2 -71  -6],-2.1333333333333333,-0.3333333333333333,0.3055050463303893,5.773502691896258,-2.2,3.0,[-2.4 -2.2 -1.8],[ 3  3 -7],-0.2666666666666666,0.6666666666666666,0.0577350269189625,2.886751345948129,-0.3,-1.0,[-0.2 -0.3 -0.3],[ 4 -1 -1],P15306,A,G,[0.22430642 0.23438364 0.2450788  0.250545  ],3
348,469459,58,60,round,3,3.0,O14433,A,"['A', 'G', 'I']",0.7918,-0.085433334,-0.192849,0.44996697,0.012881121,0.07830288,[1.3113 0.5398 0.5243],[-0.0938 -0.0706 -0.0919],[-0.102503 -0.241111 -0.234933],[0.43380629 0.38691227 0.30907049],[0.54502164 0.45908895 0.53254296],[-0.10967967 -0.192849   -0.151009  ],0.37659636,0.5122179,-0.15117922,0.063004516,0.046432097,0.041584928,['45.2' '62.7' '66.1'],['38.8' '38.7' '52.5'],"['H', 'H', 'H']",['H' 'H' 'H'],-0.5333333333333333,0.0,0.4932882862316248,2.6457513110645907,-0.3,2.0,[-0.3 -0.2 -1.1],[ 1  2 -3],-0.2,2.0,3.3993498887762956e-17,1.0,-0.2,[-0.2 -0.2 -0.2],[2 3 1],-0.9333333333333332,0.6666666666666666,1.1846237095944574,3.7859388972001824,-0.3,-1.0,[-2.3 -0.3 -0.2],[ 5 -1 -2],-0.6666666666666666,75.0,0.8962886439832501,127.33027919548437,-0.2,4.0,[-1.7 -0.1 -0.2],[  4 222  -1],O14433,A,H,[0.16143084 0.17433273 0.18257299 0.17600888],2
351,472072,92,94,round,3,2.0,P16293,A,"['K', 'N', 'G']",0.67249995,-0.1105,-0.20778933,0.06352975,0.009165151,0.014721226,[0.6471 0.6256 0.7448],[-0.1205 -0.1085 -0.1025],[-0.192082   -0.210015   -0.22127099],[0.24851057 0.32861642 0.42292568],[0.51417947 0.40577098 0.45355863],[-0.10985767 -0.20778933 -0.161146  ],0.3333509,0.45783636,-0.15959767,0.087303884,0.05433069,0.04898419,['48.8' '54.6' '57.7'],['33.6' '33.8' '23.3'],"['G', 'G', 'G']",['G' 'G' 'G'],-0.9333333333333332,-3.0,0.7505553499465135,1.0,-0.5,1.0,[-0.5 -0.5 -1.8],[-2 -4 -3],-0.7333333333333334,-1.3333333333333333,0.7505553499465136,4.041451884327381,-0.3,[-0.3 -0.3 -1.6],[ 1  1 -6],-1.5666666666666669,1.6666666666666667,1.1372481406154653,2.309401076758504,-1.9,3.0,[-1.9 -2.5 -0.3],[ 3  3 -1],-0.2333333333333333,-3.333333333333333,0.0577350269189625,2.081665999466133,-0.2,-4.0,[-0.2 -0.3 -0.2],[-1 -4 -5],P16293,A,G,[0.23198236 0.24653777 0.25631467 0.2651652 ],3
370,494502,135,137,round,3,1.0,Q8K3U6,A,"['E', 'N', 'G']",0.6466,-0.111866675,-0.214187,0.06504284,0.00955528,0.0059375544,[0.5903 0.6317 0.7178],[-0.1229 -0.1063 -0.1064],[-0.20766    -0.21926799 -0.215633  ],[0.25843017 0.31596045 0.41786003],[0.4932635  0.40286401 0.45008446],[-0.12337533 -0.214187   -0.163105  ],0.33075023,0.44873732,-0.16688912,0.080737375,0.0452148,0.04552394,['49.7' '59.9' '59.3'],['36.6' '26.3' '28.2'],"['G', 'G', 'G']",['G' 'G' 'G'],-1.4333333333333331,-3.0,0.9291573243177568,1.0,-1.0,1.0,[-0.8 -1.  -2.5],[-2 -4 -3],-0.5333333333333333,-1.3333333333333333,0.404145188432738,4.041451884327381,-0.3,[-0.3 -0.3 -1. ],[ 1  1 -6],-1.2,1.6666666666666667,0.7937253933193772,2.309401076758504,-1.5,3.0,[-1.5 -1.8 -0.3],[ 3  3 -1],-0.2333333333333333,-1.3333333333333333,0.0577350269189625,0.5773502691896257,-0.2,-1.0,[-0.2 -0.3 -0.2],[-1 -1 -2],Q8K3U6,A,G,[0.23419974 0.24357108 0.25607888 0.26615029],3
385,514387,164,166,round,3,1.0,Q4L846,A,"['D', 'Y', 'F']",0.75533324,-0.111,-0.198465,0.14972107,0.010041912,0.029401856,[0.9262 0.6471 0.6927],[-0.1222 -0.1028 -0.108 ],[-0.16460399 -0.213264   -0.217527  ],[0.37122662 0.36909286 0.38197691],[0.47135492 0.40470745 0.46894427],[-0.14240933 -0.198465   -0.155322  ],0.3740988,0.44833556,-0.16539878,0.006905562,0.037802257,0.029354991,['49.8' '53.7' '55.7'],['40.7' '26.9' '27.9'],"['G', 'G', 'G']",['G' 'G' 'G'],-2.3000000000000003,-3.6666666666666665,0.6557438524302001,1.1547005383792517,-2.2,1.0,[-1.7 -3.  -2.2],[-3 -5 -3],-0.3333333333333333,-1.3333333333333333,0.0577350269189625,4.041451884327381,-0.3,[-0.3 -0.3 -0.4],[ 1  1 -6],-1.5333333333333334,1.6666666666666667,1.0692676621563628,2.309401076758504,-2.1,3.0,[-2.2 -2.1 -0.3],[ 3  3 -1],-0.2333333333333333,-2.0,0.0577350269189625,1.0,-0.2,-2.0,[-0.2 -0.3 -0.2],[-3 -1 -2],Q4L846,A,G,[0.22621001 0.23960354 0.28864426 0.24554219],2
392,517723,132,134,round,3,1.0,A6MFK8,A,"['F', 'N', 'G']",0.66146666,-0.1122,-0.20894533,0.0639056,0.009787239,0.012099053,[0.6055 0.6478 0.7311],[-0.1229 -0.11   -0.1037],[-0.195205 -0.213627 -0.218004],[0.25230576 0.32322502 0.42144347],[0.50630939 0.402155   0.45320412],[-0.11303433 -0.20894533 -0.160339  ],0.33232474,0.4538895,-0.16077289,0.08493524,0.05208058,0.047956973,['51.8' '55.5' '60.5'],['32.0' '30.9' '22.3'],"['G', 'G', 'G']",['G' 'G' 'G'],-1.1,-3.0,0.8660254037844387,1.0,-0.6,1.0,[-0.6 -0.6 -2.1],[-2 -4 -3],-0.6666666666666666,-1.3333333333333333,0.6350852961085883,4.041451884327381,-0.3,[-0.3 -0.3 -1.4],[ 1  1 -6],-1.3333333333333333,1.6666666666666667,0.8962886439832501,2.309401076758504,-1.8,3.0,[-1.8 -1.9 -0.3],[ 3  3 -1],-0.2,-2.333333333333333,0.0999999999999999,1.5275252316519468,-0.2,-2.0,[-0.1 -0.3 -0.2],[-1 -4 -2],A6MFK8,A,G,[0.2320025  0.24766622 0.25558648 0.2647448 ],3
403,525352,164,166,round,3,1.0,Q2YYH4,A,"['S', 'Y', 'F']",0.762,-0.10966667,-0.19605133,0.14306681,0.009306092,0.03183717,[0.9146 0.6309 0.7405],[-0.1173 -0.0993 -0.1124],[-0.159298   -0.21513499 -0.21372101],[0.37614571 0.37235052 0.39512156],[0.47823238 0.40754352 0.46277583],[-0.13944733 -0.19605133 -0.157883  ],0.38120592,0.44951725,-0.16446055,0.012199771,0.037162766,0.02886956,['49.8' '54.2' '55.5'],['42.9' '29.0' '23.0'],"['G', 'G', 'G']",['G' 'G' 'G'],-2.1666666666666665,-3.6666666666666665,0.5686240703077327,1.1547005383792517,-2.0,1.0,[-2.  -2.8 -1.7],[-3 -5 -3],-0.3333333333333333,-1.3333333333333333,0.0577350269189625,4.041451884327381,-0.3,[-0.3 -0.3 -0.4],[ 1  1 -6],-1.633333333333333,1.6666666666666667,1.1547005383792517,2.309401076758504,-2.3,3.0,[-2.3 -2.3 -0.3],[ 3  3 -1],-0.2333333333333333,-2.0,0.0577350269189625,1.0,-0.2,-2.0,[-0.2 -0.3 -0.2],[-3 -1 -2],Q2YYH4,A,G,[0.22520723 0.24169193 0.28825668 0.24484416],2
422,542808,155,158,round,4,1.0,Q99MB3,A,"['V', 'G', 'F', 'C']",0.6856251,-0.10835,-0.195444,0.18044303,0.006238322,0.032820914,[0.9483 0.5435 0.6007 0.65  ],[-0.1078 -0.1064 -0.117  -0.1022],[-0.15353701 -0.192756   -0.20234901 -0.233134  ],[0.37521726 0.34083267 0.29224467 0.32131928],[0.48475532 0.40598368 0.40995417 0.48808769],[-0.13012467 -0.18288067 -0.209413   -0.134468  ],0.33240348,0.4471952,-0.16422158,0.03483131,0.04534402,0.038463406,['47.7' '66.2' '52.7' '58.1'],['46.6' '22.0' '43.7' '27.3'],"['G', 'G', 'G', 'G']",['G' 'G' 'G' 'G'],-1.6,-3.5,0.9380831519646858,1.0,-1.2,-5.0,[-1.2 -3.  -1.2 -1. ],[-3 -5 -3 -3],-0.35,-7.75,0.1290994448735805,9.945685831890462,-0.35,[-0.2 -0.4 -0.3 -0.5],[  1 -22  -6  -4],-1.05,2.5,0.6137317546507323,2.516611478423583,-1.05,3.0,[-1.  -1.1 -1.8 -0.3],[ 3  5  3 -1],-0.475,1.0,0.4272001872658766,2.943920288775949,-0.3,1.0,[-0.4 -1.1 -0.2 -0.2],[ 4  3 -1 -2],Q99MB3,A,G,[0.15988397 0.1706419  0.17584136 0.17301335],2
502,638308,36,38,round,3,1.0,Q49180,A,"['M', 'C', 'G']",0.69970006,-0.1105,-0.188086,0.26744545,0.013078229,0.04280692,[1.0085 0.5423 0.5483],[-0.1253 -0.1005 -0.1057],[-0.141565 -0.19688  -0.225813],[0.49663025 0.34190769 0.29351515],[0.40584188 0.40577097 0.49907742],[-0.13030866 -0.188086   -0.131576  ],0.37735102,0.43689674,-0.14999022,0.10609481,0.053850047,0.032997996,['52.6' '49.6' '71.4'],['26.7' '44.1' '13.7'],"['G', 'G', 'G']",['G' 'G' 'G'],-0.5,-0.3333333333333333,0.4358898943540673,2.309401076758503,-0.3,2.0,[-0.2 -0.3 -1. ],[ 1  1 -3],-0.2,1.6666666666666667,3.3993498887762956e-17,0.5773502691896257,-0.2,[-0.2 -0.2 -0.2],[2 2 1],-1.133333333333333,1.6666666666666667,0.8020806277010643,2.309401076758504,-1.2,3.0,[-1.9 -1.2 -0.3],[ 3  3 -1],-0.3333333333333333,0.3333333333333333,0.2309401076758502,3.2145502536643185,-0.2,-1.0,[-0.6 -0.2 -0.2],[ 4 -1 -2],Q49180,A,G,[0.17565066 0.18805705 0.20174957 0.19073492],2
613,788114,322,324,round,3,1.0,P35951,A,"['N', 'N', 'G']",0.63313335,-0.112333335,-0.21102001,0.058682214,0.011135679,0.011117267,[0.618  0.5835 0.6979],[-0.1247 -0.1092 -0.1031],[-0.201138 -0.208865 -0.223057],[0.25336449 0.30937996 0.40623019],[0.49517784 0.40187139 0.46036518],[-0.11619134 -0.21102    -0.162246  ],0.32299155,0.45247146,-0.16315244,0.07733651,0.04715142,0.047420833,['45.9' '56.5' '64.6'],['38.8' '32.7' '17.3'],"['G', 'G', 'G']",['G' 'G' 'G'],-1.1,-3.0,0.6928203230275509,1.0,-0.7,1.0,[-0.7 -0.7 -1.9],[-2 -4 -3],-0.6666666666666666,-1.3333333333333333,0.6350852961085883,4.041451884327381,-0.3,[-0.3 -0.3 -1.4],[ 1  1 -6],-1.4,1.6666666666666667,0.9848857801796104,2.309401076758504,-1.7,3.0,[-1.7 -2.2 -0.3],[ 3  3 -1],-0.2333333333333333,-2.333333333333333,0.0577350269189625,1.5275252316519468,-0.2,-2.0,[-0.2 -0.3 -0.2],[-1 -4 -2],P35951,A,G,[0.2137211  0.22477365 0.23362013 0.23424356],3
625,799453,48,50,round,3,4.0,Q8EP32,A,"['S', 'A', 'Y']",0.7861333,-0.09286666,-0.19406967,0.38864928,0.01299474,0.072809465,[1.2335 0.5932 0.5317],[-0.1046 -0.0789 -0.0951],[-0.110184 -0.240872 -0.231153],[0.43590747 0.38414326 0.31265391],[0.52821797 0.4432779  0.52233314],[-0.11468266 -0.19406966 -0.14681633],0.37756822,0.497943,-0.15185621,0.061889283,0.04743272,0.039932746,['51.3' '45.8' '63.5'],['41.6' '49.2' '38.0'],"['H', 'H', 'H']",['H' 'H' 'H'],-0.3666666666666667,-0.3333333333333333,0.2886751345948128,2.309401076758503,-0.2,2.0,[-0.2 -0.2 -0.7],[ 1  1 -3],-0.2,1.6666666666666667,3.3993498887762956e-17,0.5773502691896257,-0.2,[-0.2 -0.2 -0.2],[2 2 1],-0.9333333333333336,0.6666666666666666,1.2701705922171769,2.886751345948129,-0.2,-1.0,[-2.4 -0.2 -0.2],[ 4 -1 -1],-0.7000000000000001,2.0,0.8660254037844386,3.605551275463989,-0.2,3.0,[-1.7 -0.2 -0.2],[ 5  3 -2],Q8EP32,A,H,[0.18840846 0.20365069 0.22658028 0.20557103],2
632,803443,36,38,round,3,1.0,P60232,A,"['I', 'C', 'G']",0.6990333,-0.1117,-0.18970732,0.26029974,0.012121059,0.038410835,[0.9996 0.5479 0.5496],[-0.1251 -0.1015 -0.1085],[-0.14771999 -0.19832399 -0.223078  ],[0.48446289 0.34158193 0.28932906],[0.40832343 0.40321852 0.4975176 ],[-0.132848   -0.18970733 -0.13100666],0.3717913,0.43635318,-0.15118733,0.101013646,0.0530314,0.033372,['57.4' '49.9' '69.6'],['26.0' '41.1' '15.5'],"['G', 'G', 'G']",['G' 'G' 'G'],-0.5333333333333333,-0.3333333333333333,0.4932882862316248,2.309401076758503,-0.3,2.0,[-0.2 -0.3 -1.1],[ 1  1 -3],-0.2,1.6666666666666667,3.3993498887762956e-17,0.5773502691896257,-0.2,[-0.2 -0.2 -0.2],[2 2 1],-1.133333333333333,1.6666666666666667,0.8020806277010643,2.309401076758504,-1.2,3.0,[-1.9 -1.2 -0.3],[ 3  3 -1],-0.2,0.3333333333333333,3.3993498887762956e-17,3.2145502536643185,-0.2,-1.0,[-0.2 -0.2 -0.2],[ 4 -1 -2],P60232,A,G,[0.18061661 0.19017728 0.20808604 0.19547834],2
673,854969,47,49,round,3,2.0,Q5HHC8,A,"['S', 'A', 'Y']",0.7648334,-0.0941,-0.19107567,0.37375453,0.012102478,0.070589624,[1.1934 0.5946 0.5065],[-0.1055 -0.0814 -0.0954],[-0.109794 -0.236995 -0.226438],[0.42455452 0.37373503 0.31063416],[0.5250274  0.44065455 0.52240404],[-0.11445333 -0.19107567 -0.14287067],0.36964124,0.49602866,-0.14946656,0.05707041,0.047973327,0.03873467,['52.3' '46.0' '64.5'],['41.8' '47.4' '40.3'],"['H', 'H', 'H']",['H' 'H' 'H'],-0.4000000000000001,-0.3333333333333333,0.3464101615137755,2.309401076758503,-0.2,2.0,[-0.2 -0.2 -0.8],[ 1  1 -3],-0.2,1.6666666666666667,3.3993498887762956e-17,0.5773502691896257,-0.2,[-0.2 -0.2 -0.2],[2 2 1],-1.0000000000000002,0.6666666666666666,1.385640646055102,2.886751345948129,-0.2,-1.0,[-2.6 -0.2 -0.2],[ 4 -1 -1],-0.6333333333333334,2.6666666666666665,0.8386497083606083,4.041451884327381,-0.2,5.0,[-1.6 -0.1 -0.2],[ 5  5 -2],Q5HHC8,A,H,[0.22561209 0.24274547 0.28710073 0.24454171],2
676,855623,47,49,round,3,2.0,C1EL61,A,"['S', 'A', 'Y']",0.78616667,-0.0925,-0.193372,0.4086748,0.011751168,0.0715196,[1.2563 0.5864 0.5158],[-0.1028 -0.0797 -0.095 ],[-0.11103    -0.24001101 -0.229075  ],[0.44756988 0.38415953 0.31179062],[0.52906879 0.44405782 0.52282945],[-0.11454667 -0.193372   -0.14568467],0.38117334,0.498652,-0.15120111,0.06793887,0.047382776,0.039701153,['51.1' '45.9' '64.2'],['41.2' '49.0' '39.3'],"['H', 'H', 'H']",['H' 'H' 'H'],-0.4000000000000001,-0.3333333333333333,0.3464101615137755,2.309401076758503,-0.2,2.0,[-0.2 -0.2 -0.8],[ 1  1 -3],-0.2,1.6666666666666667,3.3993498887762956e-17,0.5773502691896257,-0.2,[-0.2 -0.2 -0.2],[2 2 1],-0.9666666666666668,0.6666666666666666,1.3279056191361394,2.886751345948129,-0.2,-1.0,[-2.5 -0.2 -0.2],[ 4 -1 -1],-0.6666666666666666,2.6666666666666665,0.8962886439832501,4.041451884327381,-0.2,5.0,[-1.7 -0.1 -0.2],[ 5  5 -2],C1EL61,A,H,[0.18805323 0.20240541 0.22319834 0.2041221 ],2
709,899286,164,166,round,3,1.0,Q2FEW1,A,"['S', 'Y', 'F']",0.7626667,-0.1098,-0.195872,0.1453465,0.009224422,0.03151411,[0.9179 0.6298 0.7403],[-0.1173 -0.0995 -0.1126],[-0.15948699 -0.214552   -0.213577  ],[0.37731846 0.37267629 0.39362304],[0.47823237 0.40725991 0.46291763],[-0.13931167 -0.195872   -0.15749   ],0.38120595,0.44946998,-0.16422455,0.011001173,0.03734839,0.02887531,['49.8' '53.9' '55.4'],['43.0' '29.3' '22.9'],"['G', 'G', 'G']",['G' 'G' 'G'],-2.1666666666666665,-3.6666666666666665,0.6658328118479392,1.1547005383792517,-2.0,1.0,[-2.  -2.9 -1.6],[-3 -5 -3],-0.3333333333333333,-1.3333333333333333,0.0577350269189625,4.041451884327381,-0.3,[-0.3 -0.3 -0.4],[ 1  1 -6],-1.633333333333333,1.6666666666666667,1.1547005383792517,2.309401076758504,-2.3,3.0,[-2.3 -2.3 -0.3],[ 3  3 -1],-0.2333333333333333,-2.0,0.0577350269189625,1.0,-0.2,-2.0,[-0.2 -0.3 -0.2],[-3 -1 -2],Q2FEW1,A,G,[0.22493806 0.24245342 0.28800366 0.24460486],2
740,942728,50,52,round,3,1.0,P30268,A,"['S', 'G', 'I']",0.7871333,-0.0902,-0.19085266,0.4509521,0.01221188,0.069523096,[1.305  0.5753 0.4811],[-0.0971 -0.0761 -0.0974],[-0.111325   -0.24010199 -0.221131  ],[0.44568043 0.38463189 0.2977664 ],[0.53736427 0.44895003 0.53041592],[-0.113967   -0.19085266 -0.142514  ],0.37602624,0.5055767,-0.14911123,0.074331574,0.04916308,0.038865075,['46.3' '60.5' '65.8'],['39.0' '35.6' '58.1'],"['H', 'H', 'H']",['H' 'H' 'H'],-0.6,0.3333333333333333,0.608276253029822,3.055050463303893,-0.3,2.0,[-0.3 -0.2 -1.3],[ 1  3 -3],-0.1666666666666666,121.0,0.0577350269189625,206.1140461006964,-0.2,[-0.2 -0.2 -0.1],[  2   2 359],-1.1,0.3333333333333333,1.473091986265623,3.2145502536643185,-0.3,-1.0,[-2.8 -0.3 -0.2],[ 4 -1 -2],-0.8666666666666667,3.0,1.2423096769056148,3.4641016151377544,-0.2,5.0,[-2.3 -0.1 -0.2],[ 5  5 -1],P30268,A,H,[0.18273949 0.19765959 0.21707919 0.19936672],2
756,955519,37,39,round,3,1.0,Q9JYY4,A,"['G', 'G', 'I']",0.7866333,-0.08843333,-0.184297,0.46142146,0.013139384,0.07247168,[1.3168 0.5674 0.4757],[-0.1001 -0.0742 -0.091 ],[-0.100684   -0.22906899 -0.223138  ],[0.45915087 0.38438757 0.30639919],[0.53778968 0.45270781 0.533961  ],[-0.10323967 -0.184297   -0.14200433],0.38331255,0.50815284,-0.14318033,0.07638151,0.04805494,0.040541463,['54.7' '61.0' '69.7'],['29.4' '37.6' '56.2'],"['H', 'H', 'H']",['H' 'H' 'H'],-0.6333333333333333,0.3333333333333333,0.6658328118479393,3.055050463303893,-0.3,2.0,[-0.3 -0.2 -1.4],[ 1  3 -3],-0.1666666666666666,1.6666666666666667,0.0577350269189625,0.5773502691896257,-0.2,[-0.2 -0.2 -0.1],[2 2 1],-1.0333333333333334,0.6666666666666666,1.3576941236277535,3.7859388972001824,-0.3,-1.0,[-2.6 -0.3 -0.2],[ 5 -1 -2],-0.8333333333333335,2.6666666666666665,1.1846237095944574,3.214550253664318,-0.2,4.0,[-2.2 -0.1 -0.2],[ 4  5 -1],Q9JYY4,A,H,[0.1725457  0.18772265 0.20118092 0.18853605],2
780,988152,47,49,round,3,2.0,P60297,A,"['S', 'A', 'Y']",0.7657666,-0.094166666,-0.191021,0.37719813,0.012482119,0.07011808,[1.1982 0.5946 0.5045],[-0.1061 -0.0812 -0.0952],[-0.110303 -0.236857 -0.225903],[0.42572728 0.3741911  0.31081332],[0.52453109 0.44051274 0.52261674],[-0.11454933 -0.191021   -0.14272667],0.3702439,0.49588686,-0.14943233,0.057558578,0.047964945,0.038674325,['52.2' '46.0' '64.8'],['41.7' '47.4' '40.1'],"['H', 'H', 'H']",['H' 'H' 'H'],-0.4000000000000001,-0.3333333333333333,0.3464101615137755,2.309401076758503,-0.2,2.0,[-0.2 -0.2 -0.8],[ 1  1 -3],-0.2,1.6666666666666667,3.3993498887762956e-17,0.5773502691896257,-0.2,[-0.2 -0.2 -0.2],[2 2 1],-1.0000000000000002,0.6666666666666666,1.385640646055102,2.886751345948129,-0.2,-1.0,[-2.6 -0.2 -0.2],[ 4 -1 -1],-0.6333333333333334,2.6666666666666665,0.8386497083606083,4.041451884327381,-0.2,5.0,[-1.6 -0.1 -0.2],[ 5  5 -2],P60297,A,H,[0.22590735 0.24218075 0.28719631 0.24471559],2
814,1036964,358,360,round,3,2.0,Q98931,A,"['N', 'N', 'G']",0.65650004,-0.11136667,-0.21333933,0.0811248,0.013011661,0.015785612,[0.6171 0.6026 0.7498],[-0.1259 -0.1074 -0.1008],[-0.198397   -0.21177    -0.22985099],[0.25313645 0.32079805 0.42546666],[0.49659587 0.40392753 0.45760002],[-0.11631566 -0.21333933 -0.16706566],0.33313373,0.4527078,-0.16557355,0.08682483,0.04652747,0.04852904,['51.8' '57.2' '67.2'],['36.3' '30.8' '6.4'],"['G', 'G', 'G']",['G' 'G' 'G'],-1.0,-3.0,0.3605551275463989,1.0,-0.9,1.0,[-0.7 -0.9 -1.4],[-2 -4 -3],-0.5666666666666667,-1.3333333333333333,0.5507570547286103,4.041451884327381,-0.3,[-0.2 -0.3 -1.2],[ 1  1 -6],-1.6666666666666667,1.6666666666666667,1.1930353445448854,2.309401076758504,-2.2,3.0,[-2.2 -2.5 -0.3],[ 3  3 -1],-0.2333333333333333,-2.333333333333333,0.0577350269189625,1.5275252316519468,-0.2,-2.0,[-0.2 -0.3 -0.2],[-1 -4 -2],Q98931,A,G,[0.23329678 0.2448943  0.25610038 0.26570854],3
827,1052129,222,224,round,3,3.0,Q5Z8Y4,A,"['S', 'Y', 'F']",0.7338667,-0.112633325,-0.19239767,0.13448007,0.0078014983,0.02561759,[0.8878 0.6392 0.6746],[-0.1194 -0.1041 -0.1144],[-0.16282099 -0.207606   -0.20676599],[0.35866834 0.35860319 0.35547584],[0.46851888 0.40123329 0.47334018],[-0.14156067 -0.19239766 -0.14248267],0.35758245,0.44769746,-0.15881367,0.0018246745,0.04031129,0.02908825,['50.0' '54.5' '52.1'],['45.0' '25.6' '32.7'],"['G', 'G', 'G']",['G' 'G' 'G'],-2.1333333333333333,-3.6666666666666665,0.5859465277082315,1.1547005383792517,-1.9,1.0,[-1.9 -2.8 -1.7],[-3 -5 -3],-0.3333333333333333,-1.3333333333333333,0.0577350269189625,4.041451884327381,-0.3,[-0.3 -0.3 -0.4],[ 1  1 -6],-1.4666666666666666,1.6666666666666667,1.011599393699568,2.309401076758504,-2.0,3.0,[-2.  -2.1 -0.3],[ 3  3 -1],-0.2333333333333333,-2.0,0.0577350269189625,1.0,-0.2,-2.0,[-0.2 -0.3 -0.2],[-3 -1 -2],Q5Z8Y4,A,G,[0.17976848 0.19215899 0.20804966 0.19477829],2
833,1058251,103,105,round,3,1.0,Q57713,A,"['L', 'C', 'N']",0.7110999,-0.10943333,-0.194752,0.15472618,0.0050123185,0.03145153,[0.8894 0.6318 0.6121],[-0.1134 -0.1111 -0.1038],[-0.15854999 -0.21035101 -0.21535499],[0.45517653 0.34747829 0.34184253],[0.39307959 0.40803982 0.47440367],[-0.14309933 -0.194752   -0.14860733],0.3814991,0.42517436,-0.16215289,0.0638687,0.043285053,0.028365666,['46.4' '46.4' '55.3'],['38.5' '35.2' '30.1'],"['G', 'G', 'G']",['G' 'G' 'G'],-0.9333333333333336,-0.3333333333333333,1.096965511460289,2.309401076758503,-0.3,2.0,[-0.3 -0.3 -2.2],[ 1  1 -3],-0.2333333333333333,1.6666666666666667,0.0577350269189625,0.5773502691896257,-0.2,[-0.2 -0.2 -0.3],[2 2 1],-1.4333333333333331,1.6666666666666667,1.0016652800877812,2.309401076758504,-1.8,3.0,[-2.2 -1.8 -0.3],[ 3  3 -1],-0.2,0.3333333333333333,0.0999999999999999,3.2145502536643185,-0.2,-1.0,[-0.1 -0.3 -0.2],[ 4 -1 -2],Q57713,A,G,[0.17569687 0.18458962 0.19973592 0.18980646],2
835,1059819,351,353,round,3,6.0,E1C231,A,"['G', 'G', 'R']",0.7355666,-0.11783334,-0.169507,0.11543244,0.01279622,0.017882269,[0.8663 0.6477 0.6927],[-0.1109 -0.11   -0.1326],[-0.148968   -0.177936   -0.18161701],[0.38404552 0.3594339  0.3109925 ],[0.47908319 0.39017264 0.48631515],[-0.117983   -0.169507   -0.10235334],0.35149065,0.451857,-0.12994778,0.037168633,0.05354246,0.035139304,['61.5' '71.2' '55.1'],['30.0' '11.1' '25.3'],"['G', 'G', 'G']",['G' 'G' 'G'],-2.1,-3.6666666666666665,0.4582575694955841,1.1547005383792517,-2.0,1.0,[-2.  -2.6 -1.7],[-3 -5 -3],-0.2666666666666666,10.666666666666666,0.0577350269189625,23.072349974229617,-0.3,[-0.3 -0.2 -0.3],[37  1 -6],-0.8333333333333334,1.6666666666666667,0.6027713773341707,2.309401076758504,-0.9,3.0,[-0.9 -1.4 -0.2],[ 3  3 -1],-0.2666666666666666,0.6666666666666666,0.1527525231651947,3.7859388972001824,-0.3,-1.0,[-0.4 -0.3 -0.1],[ 5 -1 -2],E1C231,A,G,[0.16614865 0.17344279 0.18473285 0.17932683],2
860,1098542,47,49,round,3,5.0,C3P3K3,A,"['S', 'A', 'Y']",0.78996664,-0.09196667,-0.19373666,0.4156571,0.011426867,0.071483575,[1.2666 0.6005 0.5028],[-0.1015 -0.0793 -0.0951],[-0.111609   -0.241955   -0.22764599],[0.4524238  0.3860164  0.31322399],[0.53055772 0.44519224 0.52332576],[-0.11496866 -0.19373666 -0.14526933],0.38388807,0.4996919,-0.15132488,0.069624305,0.047336407,0.03973162,['51.1' '46.3' '62.2'],['41.2' '47.8' '45.5'],"['H', 'H', 'H']",['H' 'H' 'H'],-0.4000000000000001,-0.3333333333333333,0.3464101615137755,2.309401076758503,-0.2,2.0,[-0.2 -0.2 -0.8],[ 1  1 -3],-0.2,1.6666666666666667,3.3993498887762956e-17,0.5773502691896257,-0.2,[-0.2 -0.2 -0.2],[2 2 1],-1.0000000000000002,0.3333333333333333,1.385640646055102,3.2145502536643185,-0.2,-1.0,[-2.6 -0.2 -0.2],[ 4 -1 -2],-0.6666666666666666,3.0,0.8962886439832501,3.4641016151377544,-0.2,5.0,[-1.7 -0.1 -0.2],[ 5  5 -1],C3P3K3,A,H,[0.17831509 0.18947886 0.20742197 0.19365957],2
900,1151280,164,166,round,3,1.0,Q8CNG6,A,"['K', 'Y', 'F']",0.76086664,-0.10873333,-0.19902733,0.14552069,0.008320055,0.03262813,[0.9153 0.6263 0.741 ],[-0.1167 -0.1001 -0.1094],[-0.161355 -0.217426 -0.218301],[0.38127651 0.37179672 0.40681657],[0.47801966 0.40952876 0.46398116],[-0.140656   -0.19902733 -0.160314  ],0.38662994,0.45050985,-0.16666578,0.018113304,0.03617814,0.029699529,['49.9' '54.7' '55.3'],['41.5' '29.0' '27.8'],"['G', 'G', 'G']",['G' 'G' 'G'],-2.3000000000000003,-3.6666666666666665,0.7810249675906655,1.1547005383792517,-1.9,1.0,[-1.8 -3.2 -1.9],[-3 -5 -3],-0.3333333333333333,-1.3333333333333333,0.0577350269189625,4.041451884327381,-0.3,[-0.3 -0.3 -0.4],[ 1  1 -6],-1.5666666666666669,1.6666666666666667,1.1150485789118487,2.309401076758504,-2.0,3.0,[-2.  -2.4 -0.3],[ 3  3 -1],-0.2333333333333333,-2.0,0.0577350269189625,1.0,-0.2,-2.0,[-0.2 -0.3 -0.2],[-3 -1 -2],Q8CNG6,A,G,[0.22563934 0.24128994 0.28808482 0.2449859 ],2
907,1161010,746,748,round,3,1.0,O57460,A,"['D', 'N', 'G']",0.6753667,-0.113066666,-0.20423867,0.0558406,0.009722314,0.016289672,[0.6255 0.6649 0.7357],[-0.1234 -0.1117 -0.1041],[-0.18633901 -0.20818301 -0.21819399],[0.2501557  0.33001724 0.42532008],[0.49971554 0.40031156 0.45036806],[-0.11152567 -0.20423867 -0.16017967],0.33516434,0.4501317,-0.158648,0.08769555,0.049702413,0.046375472,['53.5' '54.6' '61.9'],['33.0' '30.8' '10.5'],"['G', 'G', 'G']",['G' 'G' 'G'],-0.9333333333333332,-3.0,0.5859465277082315,1.0,-0.7,1.0,[-0.5 -0.7 -1.6],[-2 -4 -3],-0.5,-1.3333333333333333,0.3464101615137755,4.041451884327381,-0.3,[-0.3 -0.3 -0.9],[ 1  1 -6],-1.7333333333333334,1.6666666666666667,1.2423096769056148,2.309401076758504,-2.4,3.0,[-2.5 -2.4 -0.3],[ 3  3 -1],-0.2,0.3333333333333333,0.0999999999999999,3.2145502536643185,-0.2,-1.0,[-0.1 -0.3 -0.2],[ 4 -1 -2],O57460,A,G,[0.20770572 0.21874886 0.22888211 0.22624577],3
941,1192539,164,166,round,3,1.0,Q5HM59,A,"['K', 'Y', 'F']",0.75986665,-0.10873333,-0.19902667,0.14681049,0.008220301,0.03270453,[0.9165 0.6254 0.7377],[-0.1166 -0.1002 -0.1094],[-0.161268   -0.21736    -0.21845201],[0.38148825 0.37130806 0.40497599],[0.47801967 0.40952876 0.46419386],[-0.140676   -0.19902667 -0.15996267],0.3859241,0.45058078,-0.1665551,0.01726673,0.036217928,0.029728696,['49.8' '54.6' '55.3'],['41.7' '29.0' '28.1'],"['G', 'G', 'G']",['G' 'G' 'G'],-2.3000000000000003,-3.6666666666666665,0.7810249675906655,1.1547005383792517,-1.9,1.0,[-1.8 -3.2 -1.9],[-3 -5 -3],-0.3333333333333333,-1.3333333333333333,0.0577350269189625,4.041451884327381,-0.3,[-0.3 -0.3 -0.4],[ 1  1 -6],-1.5666666666666669,1.6666666666666667,1.1150485789118487,2.309401076758504,-2.0,3.0,[-2.  -2.4 -0.3],[ 3  3 -1],-0.2333333333333333,-2.0,0.0577350269189625,1.0,-0.2,-2.0,[-0.2 -0.3 -0.2],[-3 -1 -2],Q5HM59,A,G,[0.22296168 0.23620755 0.28176289 0.24157362],2
962,1209862,212,214,round,3,1.0,Q940S3,A,"['K', 'Y', 'F']",0.7278001,-0.1138,-0.184995,0.14042501,0.0044192756,0.02563453,[0.8893 0.6345 0.6596],[-0.1165 -0.1087 -0.1162],[-0.155397   -0.20010699 -0.199481  ],[0.37736732 0.35563873 0.35197387],[0.47284385 0.39875172 0.46936968],[-0.131808 -0.184995 -0.136867],0.36165997,0.4469884,-0.15122333,0.0137258265,0.041810304,0.0293563,['50.1' '54.3' '56.7'],['43.3' '24.4' '25.6'],"['G', 'G', 'G']",['G' 'G' 'G'],-2.1333333333333333,-3.6666666666666665,0.5859465277082315,1.1547005383792517,-1.9,1.0,[-1.7 -2.8 -1.9],[-3 -5 -3],-0.3333333333333333,-1.3333333333333333,0.0577350269189625,4.041451884327381,-0.3,[-0.3 -0.3 -0.4],[ 1  1 -6],-1.3333333333333333,1.6666666666666667,0.8962886439832501,2.309401076758504,-1.8,3.0,[-1.8 -1.9 -0.3],[ 3  3 -1],-0.2333333333333333,-2.0,0.0577350269189625,1.0,-0.2,-2.0,[-0.2 -0.3 -0.2],[-3 -1 -2],Q940S3,A,G,[0.18442846 0.19897406 0.217157   0.20050132],2
977,1226040,323,325,round,3,1.0,P01131,A,"['N', 'K', 'G']",0.6573,-0.109466664,-0.221627,0.07687985,0.013226616,0.013961158,[0.6227 0.6038 0.7454],[-0.1247 -0.1028 -0.1009],[-0.20824  -0.220542 -0.236099],[0.26246965 0.32118897 0.41201253],[0.49602866 0.40796892 0.46249222],[-0.12518567 -0.221627   -0.17183633],0.33189037,0.4554966,-0.172883,0.0753436,0.044444725,0.048229188,['49.0' '55.3' '63.2'],['37.2' '32.8' '14.1'],"['G', 'G', 'G']",['G' 'G' 'G'],-1.2,-3.0,0.6928203230275509,1.0,-0.8,1.0,[-0.8 -0.8 -2. ],[-2 -4 -3],-0.5666666666666668,-1.3333333333333333,0.4618802153517006,4.041451884327381,-0.3,[-0.3 -0.3 -1.1],[ 1  1 -6],-1.4999999999999998,1.6666666666666667,1.058300524425836,2.309401076758504,-1.9,3.0,[-1.9 -2.3 -0.3],[ 3  3 -1],-0.2333333333333333,-1.3333333333333333,0.0577350269189625,0.5773502691896257,-0.2,-1.0,[-0.2 -0.3 -0.2],[-1 -1 -2],P01131,A,G,[0.23011115 0.2439893  0.25313987 0.26130416],3
990,1247829,164,166,round,3,1.0,Q7A0A0,A,"['S', 'Y', 'F']",0.7632666,-0.10976666,-0.196071,0.146478,0.009280264,0.031154076,[0.9204 0.6305 0.7389],[-0.1173 -0.0994 -0.1126],[-0.160109   -0.214844   -0.21325999],[0.37744876 0.37296948 0.39391624],[0.47830328 0.40733081 0.46320124],[-0.13974133 -0.196071   -0.15738267],0.38144484,0.44961178,-0.16439833,0.011030323,0.037386864,0.028812714,['49.8' '53.7' '55.4'],['43.1' '29.3' '23.0'],"['G', 'G', 'G']",['G' 'G' 'G'],-2.2,-3.6666666666666665,0.5567764362830021,1.1547005383792517,-2.1,1.0,[-2.1 -2.8 -1.7],[-3 -5 -3],-0.3333333333333333,-1.3333333333333333,0.0577350269189625,4.041451884327381,-0.3,[-0.3 -0.3 -0.4],[ 1  1 -6],-1.633333333333333,1.6666666666666667,1.1547005383792517,2.309401076758504,-2.3,3.0,[-2.3 -2.3 -0.3],[ 3  3 -1],-0.2333333333333333,-2.0,0.0577350269189625,1.0,-0.2,-2.0,[-0.2 -0.3 -0.2],[-3 -1 -2],Q7A0A0,A,G,[0.22468907 0.24109661 0.28922007 0.24499425],2
1043,1316248,238,240,round,3,2.0,Q91V98,A,"['D', 'N', 'G']",0.6486667,-0.10626667,-0.20875967,0.09145407,0.0048952354,0.025087273,[0.5494 0.6671 0.7295],[-0.1082 -0.1099 -0.1007],[-0.18082701 -0.216078   -0.22937401],[0.239438   0.3169703  0.39789058],[0.52913969 0.41477548 0.46334304],[-0.11210667 -0.20875967 -0.166572  ],0.31809962,0.46908608,-0.16247945,0.07923233,0.057398,0.048456293,['53.2' '52.7' '64.3'],['35.4' '33.3' '8.2'],"['G', 'G', 'G']",['G' 'G' 'G'],-0.9333333333333332,-2.6666666666666665,0.8386497083606081,0.5773502691896258,-0.5,1.0,[-0.4 -0.5 -1.9],[-2 -3 -3],-0.3333333333333333,-0.6666666666666666,0.0577350269189625,2.886751345948129,-0.3,[-0.3 -0.4 -0.3],[ 1 -4  1],-1.7,1.6666666666666667,1.2165525060596438,2.309401076758504,-2.3,3.0,[-2.5 -2.3 -0.3],[ 3  3 -1],-0.2333333333333333,0.3333333333333333,0.0577350269189625,3.2145502536643185,-0.2,-1.0,[-0.2 -0.3 -0.2],[ 4 -1 -2],Q91V98,A,G,[0.23279233 0.24577396 0.25588469 0.26554902],3
1060,1340150,185,187,round,3,1.0,O74933,A,"['N', 'Y', 'F']",0.7437666,-0.11133333,-0.18955967,0.13069585,0.0050461204,0.028520484,[0.8908 0.6408 0.6997],[-0.1151 -0.1056 -0.1133],[-0.156653   -0.204881   -0.20714501],[0.37777452 0.36344082 0.36282187],[0.4749709  0.40399844 0.47092951],[-0.13472267 -0.18955967 -0.14469233],0.3680124,0.44996628,-0.1563249,0.008459906,0.039860573,0.02921064,['47.4' '52.1' '54.0'],['46.9' '26.3' '25.9'],"['G', 'G', 'G']",['G' 'G' 'G'],-2.266666666666667,-3.6666666666666665,0.6350852961085884,1.1547005383792517,-1.9,1.0,[-1.9 -3.  -1.9],[-3 -5 -3],-0.3333333333333333,-1.3333333333333333,0.0577350269189625,4.041451884327381,-0.3,[-0.3 -0.3 -0.4],[ 1  1 -6],-1.5333333333333334,1.6666666666666667,1.0692676621563628,2.309401076758504,-2.1,3.0,[-2.1 -2.2 -0.3],[ 3  3 -1],-0.2333333333333333,-2.0,0.0577350269189625,1.0,-0.2,-2.0,[-0.2 -0.3 -0.2],[-3 -1 -2],O74933,A,G,[0.21049443 0.22453612 0.2599179  0.22816615],2
1099,1387037,180,182,round,3,1.0,P43123,A,"['N', 'Y', 'F']",0.7417,-0.11076667,-0.191916,0.13811085,0.0062939115,0.027210806,[0.8972 0.6333 0.6946],[-0.1143 -0.1035 -0.1145],[-0.160501 -0.208125 -0.207122],[0.37700897 0.36243094 0.36650302],[0.47716885 0.40520376 0.46965328],[-0.13780333 -0.191916   -0.14640833],0.36864763,0.4506753,-0.15870923,0.007521921,0.03955839,0.029077983,['47.0' '53.5' '56.0'],['46.8' '26.7' '22.9'],"['G', 'G', 'G']",['G' 'G' 'G'],-2.266666666666667,-3.6666666666666665,0.7234178138070235,1.1547005383792517,-1.9,1.0,[-1.8 -3.1 -1.9],[-3 -5 -3],-0.3333333333333333,-1.3333333333333333,0.0577350269189625,4.041451884327381,-0.3,[-0.3 -0.3 -0.4],[ 1  1 -6],-1.5,1.6666666666666667,1.0392304845413265,2.309401076758504,-2.1,3.0,[-2.1 -2.1 -0.3],[ 3  3 -1],-0.2333333333333333,-2.0,0.0577350269189625,1.0,-0.2,-2.0,[-0.2 -0.3 -0.2],[-3 -1 -2],P43123,A,G,[0.20117857 0.2130327  0.24319025 0.21785103],2
1143,1437448,238,240,round,3,1.0,Q9HCU0,A,"['D', 'N', 'G']",0.6451,-0.108433336,-0.21233,0.12169021,0.008736897,0.024492262,[0.5176 0.6577 0.76  ],[-0.1181 -0.1061 -0.1011],[-0.184986 -0.219749 -0.232255],[0.23723908 0.31522745 0.40609988],[0.51290323 0.41016687 0.46348485],[-0.114155 -0.21233  -0.169899],0.31952214,0.462185,-0.16546133,0.08451228,0.05138051,0.049237713,['52.1' '54.1' '65.7'],['37.6' '32.1' '3.2'],"['G', 'G', 'G']",['G' 'G' 'G'],-1.0333333333333334,-3.0,0.9237604307034012,1.0,-0.5,1.0,[-0.5 -0.5 -2.1],[-2 -4 -3],-0.3333333333333333,-1.0,0.0577350269189625,3.4641016151377544,-0.3,[-0.3 -0.3 -0.4],[ 1  1 -5],-1.7333333333333334,-0.6666666666666666,1.1547005383792517,6.350852961085883,-2.4,3.0,[-2.4 -2.4 -0.4],[ 3  3 -8],-0.2666666666666666,0.6666666666666666,0.0577350269189625,2.886751345948129,-0.3,-1.0,[-0.2 -0.3 -0.3],[ 4 -1 -1],Q9HCU0,A,G,[0.23240456 0.24760446 0.25519718 0.2647938 ],3
1144,1438221,47,49,round,3,2.0,Q6GAW9,A,"['S', 'A', 'Y']",0.7657333,-0.09406667,-0.191026,0.37672752,0.012154971,0.07016196,[1.1974 0.5965 0.5033],[-0.1055 -0.0813 -0.0954],[-0.110305   -0.237369   -0.22540399],[0.425711   0.37417481 0.30910307],[0.5250274  0.44072545 0.52282945],[-0.114678   -0.191026   -0.14262933],0.36966297,0.4961941,-0.14944445,0.058434747,0.04804983,0.03862756,['52.2' '46.0' '64.9'],['41.6' '47.2' '39.9'],"['H', 'H', 'H']",['H' 'H' 'H'],-0.4333333333333333,-0.3333333333333333,0.404145188432738,2.309401076758503,-0.2,2.0,[-0.2 -0.2 -0.9],[ 1  1 -3],-0.2,1.6666666666666667,3.3993498887762956e-17,0.5773502691896257,-0.2,[-0.2 -0.2 -0.2],[2 2 1],-1.0333333333333334,0.6666666666666666,1.4433756729740643,2.886751345948129,-0.2,-1.0,[-2.7 -0.2 -0.2],[ 4 -1 -1],-0.6333333333333334,2.6666666666666665,0.8386497083606083,4.041451884327381,-0.2,5.0,[-1.6 -0.1 -0.2],[ 5  5 -2],Q6GAW9,A,H,[0.2242866  0.24079059 0.2868486  0.24390856],2
1166,1466408,47,49,round,3,2.0,B9DIU0,A,"['A', 'A', 'Y']",0.77010006,-0.09443334,-0.18918501,0.3811426,0.009716137,0.071889564,[1.2092 0.5763 0.5248],[-0.1012 -0.0833 -0.0988],[-0.106242 -0.233564 -0.227749],[0.42663943 0.37630859 0.30825607],[0.52679994 0.43994552 0.52006429],[-0.11196434 -0.189185   -0.14219867],0.37040135,0.49560326,-0.14778267,0.059412345,0.048318516,0.038912,['49.7' '47.2' '62.1'],['44.1' '46.2' '42.0'],"['H', 'H', 'H']",['H' 'H' 'H'],-0.5,-0.3333333333333333,0.4358898943540673,2.309401076758503,-0.3,2.0,[-0.3 -0.2 -1. ],[ 1  1 -3],-0.2,1.6666666666666667,3.3993498887762956e-17,0.5773502691896257,-0.2,[-0.2 -0.2 -0.2],[2 2 1],-0.9666666666666668,0.6666666666666666,1.2423096769056148,2.886751345948129,-0.3,-1.0,[-2.4 -0.3 -0.2],[ 4 -1 -1],-0.6666666666666666,2.6666666666666665,0.8962886439832501,4.041451884327381,-0.2,5.0,[-1.7 -0.1 -0.2],[ 5  5 -2],B9DIU0,A,H,[0.21227698 0.22705252 0.26370823 0.23018694],2
1275,1603781,132,134,round,3,1.0,P00742,A,"['D', 'N', 'G']",0.65486664,-0.11366666,-0.21115533,0.058478724,0.011357968,0.0087576285,[0.5996 0.6489 0.7161],[-0.1263 -0.1104 -0.1043],[-0.201098 -0.215271 -0.217097],[0.25680132 0.31999992 0.41922823],[0.49531964 0.39903532 0.4520697 ],[-0.116468   -0.21115533 -0.161757  ],0.33200982,0.44880822,-0.16312678,0.081876755,0.048224945,0.047358524,['46.9' '55.0' '58.8'],['37.9' '29.0' '26.9'],"['G', 'G', 'G']",['G' 'G' 'G'],-1.2333333333333332,-3.0,0.9291573243177568,1.0,-0.8,1.0,[-0.6 -0.8 -2.3],[-2 -4 -3],-0.5,-1.3333333333333333,0.3464101615137755,4.041451884327381,-0.3,[-0.3 -0.3 -0.9],[ 1  1 -6],-1.4666666666666666,1.6666666666666667,1.011599393699568,2.309401076758504,-2.0,3.0,[-2.1 -2.  -0.3],[ 3  3 -1],-0.2333333333333333,0.3333333333333333,0.0577350269189625,3.2145502536643185,-0.2,-1.0,[-0.2 -0.3 -0.2],[ 4 -1 -2],P00742,A,G,[0.23222183 0.24695171 0.25573925 0.26508721],3
1285,1618700,222,224,round,3,4.0,A2YGP6,A,"['S', 'Y', 'F']",0.7324333,-0.1126,-0.192609,0.13427846,0.007856208,0.025618866,[0.8862 0.6383 0.6728],[-0.1194 -0.104  -0.1144],[-0.163032 -0.207874 -0.206921],[0.35816341 0.3579028  0.35565501],[0.46844795 0.40130417 0.47326926],[-0.14178666 -0.192609   -0.142711  ],0.3572404,0.4476738,-0.15903555,0.0013791621,0.04022956,0.029079128,['50.1' '54.3' '52.2'],['45.1' '25.8' '33.0'],"['G', 'G', 'G']",['G' 'G' 'G'],-2.1333333333333333,-3.6666666666666665,0.5859465277082315,1.1547005383792517,-1.9,1.0,[-1.9 -2.8 -1.7],[-3 -5 -3],-0.3333333333333333,-1.3333333333333333,0.0577350269189625,4.041451884327381,-0.3,[-0.3 -0.3 -0.4],[ 1  1 -6],-1.4333333333333331,1.6666666666666667,0.9814954576223636,2.309401076758504,-2.0,3.0,[-2.  -2.  -0.3],[ 3  3 -1],-0.2333333333333333,-2.0,0.0577350269189625,1.0,-0.2,-2.0,[-0.2 -0.3 -0.2],[-3 -1 -2],A2YGP6,A,G,[0.18359916 0.19706924 0.21569725 0.19955862],2
1299,1628402,191,193,round,3,1.0,Q28CH3,A,"['A', 'Y', 'F']",0.74493337,-0.11253333,-0.189039,0.12614055,0.0074574375,0.02946835,[0.8867 0.6451 0.703 ],[-0.1194 -0.1046 -0.1136],[-0.15505999 -0.20446201 -0.20759501],[0.36728486 0.36401091 0.36707311],[0.47227664 0.40144598 0.46752624],[-0.13440467 -0.189039   -0.14593367],0.36612296,0.44708297,-0.15645911,0.0018321509,0.039594084,0.028797854,['48.2' '55.1' '54.3'],['43.4' '24.9' '26.6'],"['G', 'G', 'G']",['G' 'G' 'G'],-2.3000000000000003,-3.6666666666666665,0.6244997998398397,1.1547005383792517,-2.1,1.0,[-1.8 -3.  -2.1],[-3 -5 -3],-0.3333333333333333,-1.3333333333333333,0.0577350269189625,4.041451884327381,-0.3,[-0.3 -0.3 -0.4],[ 1  1 -6],-1.4333333333333331,1.6666666666666667,0.9814954576223636,2.309401076758504,-2.0,3.0,[-2.  -2.  -0.3],[ 3  3 -1],-0.2333333333333333,-2.0,0.0577350269189625,1.0,-0.2,-2.0,[-0.2 -0.3 -0.2],[-3 -1 -2],Q28CH3,A,G,[0.21752092 0.23428859 0.27437903 0.23656076],2
1316,1641430,132,134,round,3,1.0,Q58L96,A,"['D', 'N', 'G']",0.6620333,-0.11003333,-0.21292967,0.030686535,0.011657328,0.01154074,[0.6343 0.6568 0.695 ],[-0.1223 -0.1087 -0.0991],[-0.19977599 -0.217656   -0.221357  ],[0.25854417 0.3235019  0.43150962],[0.5068766  0.4067636  0.45362953],[-0.11781567 -0.21292967 -0.16502033],0.3378519,0.45575657,-0.16525522,0.087371066,0.050090384,0.047557436,['39.0' '53.1' '61.1'],['39.3' '29.0' '32.2'],"['G', 'G', 'G']",['G' 'G' 'G'],-1.1666666666666667,-3.0,1.242309676905615,1.0,-0.5,1.0,[-0.5 -0.4 -2.6],[-2 -4 -3],-0.5666666666666668,-1.3333333333333333,0.4618802153517006,4.041451884327381,-0.3,[-0.3 -0.3 -1.1],[ 1  1 -6],-1.1666666666666667,1.6666666666666667,0.7571877794400365,2.309401076758504,-1.5,3.0,[-1.7 -1.5 -0.3],[ 3  3 -1],-0.2333333333333333,-1.3333333333333333,0.0577350269189625,0.5773502691896257,-0.2,-1.0,[-0.2 -0.3 -0.2],[-1 -1 -2],Q58L96,A,G,[0.23158644 0.24781623 0.2557947  0.26480263],3
1343,1671295,63,65,round,3,1.0,P63505,A,"['S', 'G', 'I']",0.7592333,-0.09003333,-0.18231866,0.4232917,0.010966464,0.07112664,[1.2453 0.5607 0.4717],[-0.0971 -0.0774 -0.0956],[-0.100616   -0.230416   -0.21592399],[0.41347849 0.3709986  0.30091004],[0.53800239 0.44930454 0.5294942 ],[-0.106571   -0.18231867 -0.139127  ],0.36179572,0.5056004,-0.14267223,0.056845702,0.048938874,0.037998073,['43.5' '59.0' '66.3'],['40.8' '38.1' '58.4'],"['H', 'H', 'H']",['H' 'H' 'H'],-0.7000000000000001,0.3333333333333333,0.7810249675906655,3.055050463303893,-0.3,2.0,[-0.3 -0.2 -1.6],[ 1  3 -3],-0.1666666666666666,121.0,0.0577350269189625,206.9806754264755,-0.2,[-0.2 -0.2 -0.1],[  2   1 360],-1.0,0.3333333333333333,1.3,3.2145502536643185,-0.3,-1.0,[-2.5 -0.3 -0.2],[ 4 -1 -2],-0.7666666666666667,3.0,1.0692676621563628,3.4641016151377544,-0.2,5.0,[-2.  -0.1 -0.2],[ 5  5 -1],P63505,A,H,[0.16322754 0.17557894 0.18413877 0.17763808],2
1364,1703103,185,187,round,3,1.0,Q3KQV9,A,"['N', 'F', 'F']",0.75850004,-0.10999999,-0.197187,0.12106971,0.009253648,0.034174647,[0.8831 0.6413 0.7511],[-0.1191 -0.1006 -0.1103],[-0.15785401 -0.21409801 -0.21960901],[0.37362101 0.37064025 0.3896487 ],[0.4749709  0.40683451 0.46610821],[-0.13811834 -0.19718701 -0.15617767],0.37796998,0.44930455,-0.16382767,0.010223284,0.037046116,0.03026828,['48.0' '52.7' '54.1'],['44.4' '25.4' '30.6'],"['G', 'G', 'G']",['G' 'G' 'G'],-2.333333333333333,-3.6666666666666665,0.7094598884597588,1.1547005383792517,-2.2,1.0,[-1.7 -3.1 -2.2],[-3 -5 -3],-0.3333333333333333,-1.3333333333333333,0.0577350269189625,4.041451884327381,-0.3,[-0.3 -0.3 -0.4],[ 1  1 -6],-1.5333333333333332,1.6666666666666667,1.0969655114602888,2.309401076758504,-1.9,3.0,[-2.4 -1.9 -0.3],[ 3  3 -1],-0.2333333333333333,-2.0,0.0577350269189625,1.0,-0.2,-2.0,[-0.2 -0.3 -0.2],[-3 -1 -2],Q3KQV9,A,G,[0.22239588 0.23703017 0.28230635 0.24152505],2
1402,1742545,182,184,round,3,1.0,Q91YN5,A,"['K', 'F', 'F']",0.7364333,-0.11153334,-0.18579766,0.14218055,0.0041016247,0.029050946,[0.8988 0.6342 0.6763],[-0.113  -0.1069 -0.1147],[-0.152263 -0.201839 -0.203291],[0.37951737 0.35985739 0.35764218],[0.47695613 0.40357304 0.47305658],[-0.131011   -0.18579767 -0.14067233],0.36567232,0.45119524,-0.15249367,0.012041218,0.04128811,0.029243847,['48.6' '55.8' '53.5'],['43.4' '25.4' '29.9'],"['G', 'G', 'G']",['G' 'G' 'G'],-2.3000000000000003,-3.6666666666666665,0.7000000000000001,1.1547005383792517,-2.0,1.0,[-1.8 -3.1 -2. ],[-3 -5 -3],-0.3,-1.3333333333333333,0.0,4.041451884327381,-0.3,[-0.3 -0.3 -0.3],[ 1  1 -6],-1.366666666666667,1.6666666666666667,0.9712534856222312,2.309401076758504,-1.6,3.0,[-1.6 -2.2 -0.3],[ 3  3 -1],-0.2333333333333333,-2.0,0.0577350269189625,1.0,-0.2,-2.0,[-0.2 -0.3 -0.2],[-3 -1 -2],Q91YN5,A,G,[0.2081522  0.22426557 0.25781859 0.22642388],2
1410,1750058,184,186,round,3,4.0,Q54GN5,A,"['N', 'Y', 'F']",0.7540667,-0.11103334,-0.19071767,0.18502544,0.005517548,0.029918673,[0.9662 0.626  0.67  ],[-0.1148 -0.1047 -0.1136],[-0.15617301 -0.207634   -0.20834599],[0.3985584  0.36847391 0.36567232],[0.4793668  0.40463655 0.46922787],[-0.13360234 -0.19071767 -0.14781267],0.37756822,0.45107707,-0.15737756,0.01823193,0.04053691,0.029734755,['46.9' '52.1' '54.9'],['45.1' '28.1' '30.9'],"['G', 'G', 'G']",['G' 'G' 'G'],-2.3000000000000003,-3.6666666666666665,0.6082762530298219,1.1547005383792517,-2.0,1.0,[-2.  -3.  -1.9],[-3 -5 -3],-0.3333333333333333,-1.3333333333333333,0.0577350269189625,4.041451884327381,-0.3,[-0.3 -0.3 -0.4],[ 1  1 -6],-1.4666666666666666,1.6666666666666667,1.011599393699568,2.309401076758504,-2.0,3.0,[-2.  -2.1 -0.3],[ 3  3 -1],-0.2333333333333333,-2.0,0.0577350269189625,1.0,-0.2,-2.0,[-0.2 -0.3 -0.2],[-3 -1 -2],Q54GN5,A,G,[0.22714338 0.23943195 0.28780217 0.24562251],2
1414,1755668,47,49,round,3,2.0,B9EAM9,A,"['S', 'A', 'Y']",0.7726333,-0.09366667,-0.19236366,0.38789716,0.012570338,0.070083775,[1.2177 0.5937 0.5065],[-0.1054 -0.0804 -0.0952],[-0.111735   -0.23867799 -0.226678  ],[0.43149334 0.37754649 0.30995004],[0.52573641 0.44157626 0.52304216],[-0.11547366 -0.19236366 -0.14354833],0.37299663,0.49678496,-0.15046188,0.060899254,0.047831096,0.03890843,['51.8' '46.1' '64.6'],['41.4' '47.8' '40.0'],"['H', 'H', 'H']",['H' 'H' 'H'],-0.4000000000000001,-0.3333333333333333,0.3464101615137755,2.309401076758503,-0.2,2.0,[-0.2 -0.2 -0.8],[ 1  1 -3],-0.2,1.6666666666666667,3.3993498887762956e-17,0.5773502691896257,-0.2,[-0.2 -0.2 -0.2],[2 2 1],-1.0000000000000002,0.6666666666666666,1.385640646055102,2.886751345948129,-0.2,-1.0,[-2.6 -0.2 -0.2],[ 4 -1 -1],-0.6666666666666666,2.6666666666666665,0.8962886439832501,4.041451884327381,-0.2,5.0,[-1.7 -0.1 -0.2],[ 5  5 -2],B9EAM9,A,H,[0.20857721 0.22152604 0.25645567 0.22589417],2
1416,1761479,180,182,round,3,1.0,O94617,A,"['D', 'F', 'F']",0.71826667,-0.11336666,-0.19069633,0.10822223,0.007711248,0.028528078,[0.8384 0.6284 0.688 ],[-0.1191 -0.1046 -0.1164],[-0.157755   -0.207219   -0.20711499],[0.35687664 0.35098028 0.36770836],[0.47071681 0.39967344 0.4661082 ],[-0.13677934 -0.19069633 -0.14278   ],0.35852176,0.44549948,-0.15675189,0.008484515,0.03975336,0.029549466,['47.2' '53.0' '55.1'],['46.7' '26.3' '29.7'],"['G', 'G', 'G']",['G' 'G' 'G'],-2.2,-3.6666666666666665,0.754983443527075,1.1547005383792517,-2.1,1.0,[-1.5 -3.  -2.1],[-3 -5 -3],-0.3333333333333333,-1.3333333333333333,0.0577350269189625,4.041451884327381,-0.3,[-0.3 -0.3 -0.4],[ 1  1 -6],-1.4333333333333331,1.6666666666666667,0.9865765724632496,2.309401076758504,-1.9,3.0,[-2.1 -1.9 -0.3],[ 3  3 -1],-0.2333333333333333,0.3333333333333333,0.0577350269189625,3.2145502536643185,-0.2,-1.0,[-0.2 -0.3 -0.2],[ 4 -1 -2],O94617,A,G,[0.19614868 0.20709518 0.23383233 0.21221785],2
1434,1773119,164,166,round,3,1.0,Q2FW81,A,"['S', 'Y', 'F']",0.761,-0.1096,-0.19617634,0.14715068,0.009488412,0.031413317,[0.9186 0.6272 0.7372],[-0.1173 -0.099  -0.1125],[-0.15992001 -0.21525601 -0.21335299],[0.3765529  0.37186188 0.39357418],[0.47844508 0.40768532 0.46369755],[-0.139829   -0.19617634 -0.157503  ],0.38066298,0.44994265,-0.16450278,0.011424782,0.037331402,0.02881845,['49.8' '53.7' '55.6'],['43.1' '29.6' '23.0'],"['G', 'G', 'G']",['G' 'G' 'G'],-2.1666666666666665,-3.6666666666666665,0.6658328118479392,1.1547005383792517,-2.0,1.0,[-2.  -2.9 -1.6],[-3 -5 -3],-0.3333333333333333,-1.3333333333333333,0.0577350269189625,4.041451884327381,-0.3,[-0.3 -0.3 -0.4],[ 1  1 -6],-1.6,1.6666666666666667,1.1269427669584644,2.309401076758504,-2.2,3.0,[-2.2 -2.3 -0.3],[ 3  3 -1],-0.2333333333333333,-2.0,0.0577350269189625,1.0,-0.2,-2.0,[-0.2 -0.3 -0.2],[-3 -1 -2],Q2FW81,A,G,[0.2260374  0.24008668 0.28851736 0.24535856],2
1436,1779960,132,134,round,3,1.0,P00743,A,"['D', 'N', 'G']",0.67146665,-0.1114,-0.20914333,0.036430925,0.011704272,0.0140729,[0.642  0.6602 0.7122],[-0.1239 -0.1096 -0.1007],[-0.19367699 -0.212559   -0.221194  ],[0.25636154 0.3281115  0.42201355],[0.50510406 0.40385664 0.45313322],[-0.11267566 -0.20914333 -0.16298633],0.33549553,0.45403132,-0.16160178,0.08307249,0.050629687,0.048248734,['48.0' '55.0' '63.7'],['31.2' '31.3' '15.6'],"['G', 'G', 'G']",['G' 'G' 'G'],-1.1,-3.0,0.9539392014169458,1.0,-0.6,1.0,[-0.5 -0.6 -2.2],[-2 -4 -3],-0.6,-1.3333333333333333,0.5196152422706632,4.041451884327381,-0.3,[-0.3 -0.3 -1.2],[ 1  1 -6],-1.4666666666666666,1.6666666666666667,1.0408329997330663,2.309401076758504,-1.8,3.0,[-2.3 -1.8 -0.3],[ 3  3 -1],-0.2,-1.3333333333333333,0.0999999999999999,0.5773502691896257,-0.2,-1.0,[-0.1 -0.3 -0.2],[-1 -1 -2],P00743,A,G,[0.23145359 0.24833625 0.25570904 0.26450112],3
1536,1906300,231,234,round,4,1.0,Q5SKN9,A,"['V', 'N', 'A', 'W']",0.640475,-0.110725,-0.20660375,0.048982535,0.014276177,0.029386727,[0.6121 0.5958 0.6476 0.7064],[-0.127  -0.1184 -0.0981 -0.0994],[-0.16858201 -0.198349   -0.231501   -0.227983  ],[0.22986048 0.30222939 0.31758925 0.40253274],[0.50361513 0.39726279 0.41683162 0.4841172 ],[-0.10269734 -0.19947733 -0.21927767 -0.15707133],0.31305295,0.45045668,-0.16963091,0.070864536,0.051377967,0.05161865,['48.1' '57.0' '49.9' '58.5'],['42.6' '31.5' '41.0' '29.1'],"['G', 'G', 'G', 'G']",['G' 'G' 'G' 'G'],-0.975,-3.0,0.5678908345800274,0.816496580927726,-0.95,-1.5,[-0.4 -0.6 -1.3 -1.6],[-2 -4 -3 -3],-0.575,-2.0,0.4991659710623979,3.559026084010437,-0.4,[-0.2 -0.3 -1.3 -0.5],[ 1  1 -6 -4],-1.275,2.0,0.6701989754294366,2.0,-1.5,3.0,[-1.6 -1.4 -1.8 -0.3],[ 3  3  3 -1],-0.3,1.75,0.0816496580927726,3.8622100754188224,-0.3,1.5,[-0.4 -0.3 -0.3 -0.2],[ 4  6 -1 -2],Q5SKN9,A,G,[0.23246024 0.24675276 0.25550014 0.26528687],3
1612,2022614,331,334,round,4,1.0,O74728,A,"['N', 'D', 'C', 'S']",0.65349996,-0.09820001,-0.21044526,0.12931794,0.012075043,0.042270437,[0.7831 0.5918 0.5028 0.7363],[-0.0986 -0.082  -0.1011 -0.1111],[-0.148378   -0.243108   -0.22725201 -0.22304299],[0.35444967 0.30584539 0.29822246 0.35620881],[0.49730489 0.44107995 0.43221726 0.48262827],[-0.149415   -0.206246   -0.23113434 -0.15258233],0.3286816,0.4633076,-0.18484442,0.030935375,0.031568874,0.040401608,['50.5' '44.9' '56.7' '53.8'],['66.9' '40.6' '51.5' '18.9'],"['H', 'H', 'H', 'H']",['H' 'H' 'H' 'H'],-1.4249999999999998,-4.75,1.2526638282742368,1.707825127659933,-1.35,-1.0,[-0.4 -2.7 -0.3 -2.3],[-3 -5 -7 -4],-0.275,-1.25,0.0957427107756338,2.6299556396765835,-0.25,[-0.3 -0.2 -0.2 -0.4],[-4  1  1 -3],-1.15,2.25,0.9678154093971983,2.217355782608345,-0.95,3.0,[-0.9 -1.  -2.5 -0.2],[ 4  3  3 -1],-0.4,1.25,0.282842712474619,3.304037933599835,-0.3,1.0,[-0.4 -0.8 -0.2 -0.2],[ 3  5 -1 -2],O74728,A,H,[0.23188686 0.24896336 0.2548957  0.26425409],3
1617,2025184,261,264,round,4,1.0,P15217,A,"['N', 'Y', 'C', 'D']",0.78284997,-0.1122,-0.2006605,0.120677896,0.011206843,0.030504717,[0.9487 0.6693 0.7257 0.7877],[-0.116  -0.0955 -0.119  -0.1183],[-0.155643 -0.223343 -0.211081 -0.212575],[0.36834361 0.38174888 0.35552471 0.3822701 ],[0.47809057 0.40647999 0.40484925 0.46334304],[-0.14441033 -0.196689   -0.21566633 -0.148388  ],0.37197182,0.43819073,-0.17628841,0.012718972,0.038043223,0.03540927,['48.6' '55.1' '48.5' '52.4'],['44.3' '27.3' '33.0' '16.7'],"['G', 'G', 'G', 'G']",['G' 'G' 'G' 'G'],-1.6749999999999998,-3.5,0.6396613687465164,1.0,-1.85,1.0,[-0.8 -2.2 -1.6 -2.1],[-3 -5 -3 -3],-0.3249999999999999,-0.25,0.05,2.5,-0.3,[-0.3 -0.3 -0.3 -0.4],[ 1  1  1 -4],-1.825,2.0,1.0372238588334408,2.0,-2.2,3.0,[-2.1 -2.3 -2.6 -0.3],[ 3  3  3 -1],-0.275,-0.25,0.0957427107756338,3.593976442141304,-0.25,-1.5,[-0.2 -0.4 -0.3 -0.2],[-3  5 -1 -2],P15217,A,G,[0.17664551 0.19112308 0.20598588 0.1923134 ],2
1759,2197683,219,222,round,4,1.0,Q07FZ2,A,"['F', 'G', 'G', 'L']",0.721125,-0.11445,-0.17691049,0.18021362,0.014432484,0.025804233,[0.9902 0.6489 0.6079 0.6375],[-0.1005 -0.1136 -0.1345 -0.1092],[-0.152991   -0.176843   -0.165053   -0.21275499],[0.43419719 0.36599808 0.30854925 0.32732966],[0.4888676  0.39364681 0.38747837 0.46908607],[-0.11768633 -0.16496233 -0.18488366 -0.11534533],0.35901853,0.43476972,-0.14571941,0.055533405,0.051742174,0.034701426,['50.5' '66.8' '54.2' '55.8'],['36.9' '12.0' '39.5' '24.0'],"['G', 'G', 'G', 'G']",['G' 'G' 'G' 'G'],-1.7,-3.5,0.7615773105863909,1.0,-1.8,-2.5,[-1.6 -2.5 -2.  -0.7],[-3 -5 -3 -3],-0.3,-6.5,0.0,10.847426730181986,-0.3,[-0.3 -0.3 -0.3 -0.3],[  1 -22  -6   1],-1.2999999999999998,2.0,0.9521904571390466,2.0,-1.2999999999999998,3.0,[-0.7 -1.9 -2.3 -0.3],[ 3  3  3 -1],-0.275,-0.25,0.2217355782608345,3.593976442141304,-0.2,-1.5,[-0.2 -0.6 -0.2 -0.1],[-3  5 -1 -2],Q07FZ2,A,G,[0.1626742  0.17332991 0.18045412 0.17599887],2
1872,2326927,116,119,round,4,2.0,P15216,A,"['S', 'N', 'C', 'D']",0.771675,-0.111875,-0.203758,0.15251337,0.01092928,0.028495941,[0.9784 0.6392 0.6765 0.7926],[-0.1166 -0.0955 -0.1176 -0.1178],[-0.162001   -0.22605801 -0.211779   -0.215194  ],[0.37533127 0.37366987 0.34340621 0.3772533 ],[0.4796504  0.4070472  0.40619639 0.46525739],[-0.14765867 -0.199946   -0.217677   -0.15054667],0.36741516,0.43953785,-0.17895709,0.016072802,0.038461264,0.035244428,['51.6' '54.1' '50.9' '52.0'],['41.3' '33.0' '32.2' '20.3'],"['G', 'G', 'G', 'G']",['G' 'G' 'G' 'G'],-1.7749999999999997,-3.5,0.7410578025138569,1.0,-1.6,1.0,[-1.4 -2.8 -1.1 -1.8],[-3 -5 -3 -3],-0.3,-0.25,0.0816496580927726,2.5,-0.3,[-0.2 -0.3 -0.3 -0.4],[ 1  1  1 -4],-1.8,2.0,1.0677078252031311,2.0,-2.1,3.0,[-1.8 -2.4 -2.7 -0.3],[ 3  3  3 -1],-0.25,-0.25,0.0577350269189625,3.593976442141304,-0.25,-1.5,[-0.2 -0.3 -0.3 -0.2],[-3  5 -1 -2],P15216,A,G,[0.17686344 0.19067504 0.20654836 0.19271528],2
1895,2360957,390,392,round,3,2.0,F4IY62,A,"['K', 'W', 'F']",0.7213333,-0.112399995,-0.19143601,0.1267218,0.012286988,0.03238357,[0.8618 0.6156 0.6866],[-0.1113 -0.1007 -0.1252],[-0.154254   -0.21346501 -0.206589  ],[0.38350801 0.3524788  0.3583263 ],[0.48241556 0.40172959 0.47107131],[-0.13389034 -0.191436   -0.13876067],0.36477104,0.45173883,-0.15469567,0.016487991,0.043679122,0.031911112,['51.1' '52.3' '56.8'],['43.6' '33.8' '23.5'],"['G', 'G', 'G']",['G' 'G' 'G'],-2.2,-3.6666666666666665,0.8185352771872451,1.1547005383792517,-2.0,1.0,[-2.  -3.1 -1.5],[-3 -5 -3],-0.3333333333333333,-1.3333333333333333,0.0577350269189625,4.041451884327381,-0.3,[-0.3 -0.3 -0.4],[ 1  1 -6],-1.2666666666666666,1.6666666666666667,0.8504900548115382,2.309401076758504,-1.6,3.0,[-1.9 -1.6 -0.3],[ 3  3 -1],-0.3333333333333333,0.6666666666666666,0.1527525231651946,3.7859388972001824,-0.3,-1.0,[-0.5 -0.3 -0.2],[ 5 -1 -2],F4IY62,A,G,[0.18296473 0.19422565 0.21311114 0.19833967],2
1920,2387875,49,51,round,3,2.0,Q7WP51,A,"['S', 'A', 'Y']",0.78113335,-0.09143334,-0.18834166,0.4032712,0.0123872245,0.07646413,[1.2465 0.5627 0.5342],[-0.1012 -0.0775 -0.0956],[-0.100061 -0.233769 -0.231195],[0.41450464 0.3817     0.30100777],[0.53452821 0.44632667 0.52368027],[-0.109491   -0.18834167 -0.142861  ],0.36573747,0.5015117,-0.14689788,0.058407933,0.048098456,0.039580036,['53.9' '47.4' '59.7'],['38.1' '53.4' '41.4'],"['H', 'H', 'H']",['H' 'H' 'H'],-0.3333333333333333,-0.3333333333333333,0.2309401076758503,2.309401076758503,-0.2,2.0,[-0.2 -0.2 -0.6],[ 1  1 -3],-0.2,1.6666666666666667,3.3993498887762956e-17,0.5773502691896257,-0.2,[-0.2 -0.2 -0.2],[2 2 1],-0.8333333333333334,2.333333333333333,0.9291573243177568,3.055050463303893,-0.4,3.0,[-1.9 -0.4 -0.2],[ 5  3 -1],-0.7666666666666667,0.3333333333333333,0.9814954576223638,3.2145502536643185,-0.2,-1.0,[-1.9 -0.2 -0.2],[ 4 -1 -2],Q7WP51,A,H,[0.22492394 0.24269412 0.28793569 0.24444626],2
1923,2392580,132,134,round,3,1.0,P81428,A,"['D', 'N', 'G']",0.6577334,-0.111200005,-0.21020167,0.037312903,0.010400001,0.011836811,[0.621  0.6566 0.6956],[-0.1216 -0.1112 -0.1008],[-0.19689199 -0.214164   -0.219549  ],[0.2562801  0.32140071 0.42424504],[0.5068766  0.40428204 0.45341683],[-0.11436833 -0.21020167 -0.162178  ],0.3339753,0.45485848,-0.16224933,0.08468557,0.051312473,0.047916707,['49.1' '54.0' '61.7'],['34.1' '29.9' '28.5'],"['G', 'G', 'G']",['G' 'G' 'G'],-1.0333333333333334,-3.0,0.9237604307034012,1.0,-0.5,1.0,[-0.5 -0.5 -2.1],[-2 -4 -3],-0.6666666666666666,-1.3333333333333333,0.6350852961085883,4.041451884327381,-0.3,[-0.3 -0.3 -1.4],[ 1  1 -6],-1.2666666666666666,1.6666666666666667,0.8386497083606083,2.309401076758504,-1.7,3.0,[-1.7 -1.8 -0.3],[ 3  3 -1],-0.2,-2.333333333333333,0.0999999999999999,1.5275252316519468,-0.2,-2.0,[-0.1 -0.3 -0.2],[-1 -4 -2],P81428,A,G,[0.23200972 0.24687211 0.25594376 0.26517441],3
