,c_mean,c_std,c_std_s,chain,cluster,cs_mean,hn1_A_mean,hn1_A_median,hn1_A_std,hn1_A_vals,hn1_en_mean,hn1_en_median,hn1_en_std,hn1_en_vals,hn2_A_mean,hn2_A_median,hn2_A_std,hn2_A_vals,hn2_en_mean,hn2_en_median,hn2_en_std,hn2_en_vals,ho1_A_mean,ho1_A_median,ho1_A_std,ho1_A_vals,ho1_en_mean,ho1_en_median,ho1_en_std,ho1_en_vals,ho2_A_mean,ho2_A_std,ho2_A_vals,ho2_en_mean,ho2_en_median,ho2_en_std,ho2_en_vals,kind,pdbid,res_final,res_start,seq,size,ss,t_mean,t_std,t_std_s,ts_mean,w_mean,w_std,wr_mean,wr_std,0,1,grp_frag_clusters,P(pi),P(3(10)),P(alfa),label
3848,0.6661320000000001,0.10527749866329461,0.10527749866329461,C,2.0,0.6661320000000001,2.1666666666666665,3.0,1.6020819787597222,[ 3  3  3  3 -1  2],-1.0833333333333333,-1.15,0.5382068994974578,[-1.4 -0.9 -1.5 -1.7 -0.3 -0.7],0.8333333333333334,-1.0,3.3115957885386114,[ 4 -1 -1  6 -2 -1],-0.3,-0.3,0.10954451150103323,[-0.5 -0.3 -0.3 -0.2 -0.2 -0.3],-2.3333333333333335,-4.0,1.632993161855452,[ 1 -3 -3 -3 -3 -3],-1.3333333333333333,-1.45,0.6408327915038887,[-0.3 -2.  -1.9 -1.4 -0.9 -1.5],-2.1666666666666665,2.8577380332470415,[ 2  1 -4 -4 -4 -4],-0.3,-0.3,0.10954451150103323,[-0.2 -0.3 -0.3 -0.3 -0.5 -0.2],round,3zp7,64,59,['A' 'K' 'A' 'V' 'R' 'E'],6,['G' 'G' 'G' 'G' 'G' 'G'],0.11537104999999999,0.009422134642160447,0.009422134642160447,0.11537104999999999,0.20515066666666668,0.014444893584470146,0.20515066666666668,0.014444893584470146,3zp7,C,1,0.0,0.997710311790128,0.0,3(10)
6446,0.6422476666666667,0.11888003434695558,0.11888003434695558,A,9.0,0.6422476666666667,2.0,3.0,2.6457513110645907,[ 3  4 -1],-1.3666666666666665,-1.8,0.9291573243177569,[-2.  -1.8 -0.3],0.0,-1.0,2.6457513110645907,[-1  3 -2],-0.7000000000000001,-0.2,0.8660254037844386,[-0.2 -1.7 -0.2],-3.6666666666666665,1.0,0.5773502691896258,[-4 -4 -3],-1.866666666666667,-2.2,0.8504900548115383,[-2.2 -2.5 -0.9],-0.6666666666666666,2.886751345948129,[ 1  1 -4],-0.43333333333333335,-0.3,0.3214550253664319,[-0.2 -0.3 -0.8],round,2inc,324,322,['Q' 'D' 'L'],3,['H' 'H' 'T'],0.10947056666666667,0.010024520176214592,0.010024520176214592,0.10947056666666667,0.21530766666666667,0.009848128062395087,0.21530766666666667,0.009848128062395087,2inc,A,1,0.0,0.9981365788828126,0.0,3(10)
6491,0.6520333333333332,0.044051117628652006,0.044051117628652006,A,4.0,0.6520333333333332,1.6666666666666667,3.0,2.3094010767585034,[ 3  3 -1],-1.0666666666666667,-1.4,0.6658328118479393,[-1.5 -1.4 -0.3],-1.3333333333333333,-1.0,0.5773502691896257,[-1 -1 -2],-0.26666666666666666,-0.3,0.05773502691896257,[-0.3 -0.3 -0.2],-3.0,1.0,0.0,[-3 -3 -3],-1.8,-1.8,0.40000000000000013,[-1.4 -1.8 -2.2],1.0,0.0,[1 1 1],-0.26666666666666666,-0.3,0.05773502691896257,[-0.3 -0.3 -0.2],round,2jc9,469,467,['N' 'L' 'L'],3,['G' 'G' 'G'],0.11269666666666667,0.007710606353156238,0.007710606353156238,0.11269666666666667,0.21079100000000003,0.0046148225317990225,0.21079100000000003,0.0046148225317990225,2jc9,A,1,4.216115049802893e-143,0.9939819478131737,2.9733891380450736e-120,3(10)
6745,0.6596129999999999,0.1122851126240696,0.1122851126240696,C,3.0,0.6596129999999999,3.6666666666666665,4.0,0.5773502691896258,[3 4 4],-2.2666666666666666,-2.8,1.1930353445448854,[-0.9 -3.1 -2.8],2.6666666666666665,4.0,3.214550253664318,[ 4  5 -1],-0.43333333333333335,-0.3,0.3214550253664319,[-0.8 -0.3 -0.2],-3.0,1.0,0.0,[-3 -3 -3],-1.6333333333333335,-1.4,0.49328828623162485,[-1.3 -2.2 -1.4],1.0,0.0,[1 1 1],-0.20000000000000004,-0.2,3.3993498887762956e-17,[-0.2 -0.2 -0.2],round,6h1j,18,16,['K' 'L' 'H'],3,['G' 'H' 'H'],0.11722533333333333,0.00698940300264146,0.00698940300264146,0.11722533333333333,0.20305566666666666,0.004986564381749559,0.20305566666666666,0.004986564381749559,6h1j,C,1,6.41734665860526e-45,0.9811753557233859,4.525576252035762e-22,3(10)
6887,0.6577849999999998,0.09985306246931039,0.09985306246931039,A,7.0,0.6577849999999998,3.2,3.0,3.1937438845342623,[ 3  3  3 -1  8],-1.4,-1.5,0.7745966692414833,[-1.5 -1.7 -1.1 -0.3 -2.4],1.8,-1.0,4.658325879540847,[ 4 -1 -1 -2  9],-0.32,-0.3,0.1643167672515498,[-0.2 -0.3 -0.3 -0.2 -0.6],-5.2,-4.0,4.919349550499538,[-14  -3  -3  -3  -3],-1.3599999999999999,-1.6,0.5412947441089744,[-0.4 -1.6 -1.6 -1.5 -1.7],-2.0,2.7386127875258306,[ 1  1 -4 -4 -4],-0.32,-0.3,0.10954451150103323,[-0.3 -0.3 -0.5 -0.3 -0.2],round,2yic,931,927,['L' 'Q' 'L' 'L' 'A'],5,['G' 'G' 'G' 'G' 'G'],0.11505099999999999,0.012676970694925504,0.012676970694925504,0.11505099999999999,0.208543,0.013706333371839456,0.208543,0.013706333371839456,2yic,A,1,0.0,0.9978479205586113,0.0,3(10)
7652,0.6638702000000001,0.02985950170716184,0.02985950170716184,A,11.0,0.6638702000000001,2.2,3.0,1.7888543819998317,[ 3  3  3  3 -1],-1.5399999999999998,-1.7,0.7536577472566708,[-2.3 -1.5 -1.9 -1.7 -0.3],-1.2,-1.0,0.4472135954999579,[-1 -1 -1 -1 -2],-0.24,-0.2,0.054772255750516606,[-0.2 -0.3 -0.3 -0.2 -0.2],-3.2,1.0,0.44721359549995787,[-4 -3 -3 -3 -3],-1.52,-1.5,0.5495452665613634,[-1.7 -0.8 -1.3 -2.3 -1.5],0.0,2.23606797749979,[ 1 -4  1  1  1],-0.3,-0.3,0.07071067811865477,[-0.3 -0.4 -0.2 -0.3 -0.3],round,2j7u,554,550,['E' 'K' 'I' 'I' 'Q'],5,['G' 'G' 'G' 'G' 'G'],0.11644834,0.014173628409056026,0.014173628409056026,0.11644834,0.20222979999999996,0.014455588389961853,0.20222979999999996,0.014455588389961853,2j7u,A,1,0.0,0.9976791213214263,0.0,3(10)
12767,0.6443335,0.10407053413863118,0.10407053413863118,B,2.0,0.6443335,2.3333333333333335,3.0,1.632993161855452,[ 3  3  3  3  3 -1],-0.9666666666666667,-0.7,0.9287985070329662,[-0.5 -0.9 -2.7 -0.3 -1.2 -0.2],1.8333333333333333,1.5,3.65604522218567,[ 4 -1  4 -1  7 -2],-0.2833333333333334,-0.3,0.13291601358251257,[-0.5 -0.3 -0.3 -0.2 -0.3 -0.1],-3.0,-4.0,0.0,[-3 -3 -3 -3 -3 -3],-1.5,-1.4500000000000002,0.7874007874011811,[-2.  -1.6 -1.3 -0.5 -0.9 -2.7],-2.3333333333333335,2.581988897471611,[ 1 -4 -4 -4 -4  1],-0.3833333333333333,-0.35,0.09831920802501751,[-0.3 -0.4 -0.3 -0.5 -0.5 -0.3],round,2nw8,150,145,['M' 'L' 'Q' 'V' 'F' 'A'],6,['G' 'G' 'G' 'G' 'G' 'T'],0.11598256666666668,0.013389933475811846,0.013389933475811846,0.11598256666666668,0.1947485,0.028177721382326142,0.1947485,0.028177721382326142,2nw8,B,1,2.6008829283321132e-30,0.9724558662471128,1.8224230679978367e-07,3(10)
13581,0.6642683333333333,0.07637337602419665,0.07637337602419665,A,2.0,0.6642683333333333,1.6666666666666667,3.0,2.3094010767585034,[ 3  3 -1],-1.5333333333333332,-1.8,1.1239810200058242,[-2.5 -1.8 -0.3],-1.3333333333333333,-1.0,0.5773502691896257,[-1 -1 -2],-0.26666666666666666,-0.3,0.05773502691896257,[-0.3 -0.3 -0.2],-3.0,1.0,0.0,[-3 -3 -3],-1.8333333333333333,-1.8,0.057735026918962505,[-1.9 -1.8 -1.8],1.0,0.0,[1 1 1],-0.3,-0.3,0.0,[-0.3 -0.3 -0.3],round,3pgs,38,36,['L' 'I' 'T'],3,['G' 'G' 'G'],0.116141,0.01174629392617093,0.01174629392617093,0.116141,0.20402466666666666,0.007613663135004947,0.20402466666666666,0.007613663135004947,3pgs,A,1,4.829057962212324e-56,0.984832396838207,3.4069067231571015e-33,3(10)
14888,0.64320425,0.06439543321476036,0.06439543321476036,A,6.0,0.64320425,1.0,1.0,2.309401076758503,[ 3  3 -1 -1],-1.05,-0.85,0.9949874371066199,[-1.4 -2.3 -0.2 -0.3],-1.5,-1.5,0.5773502691896257,[-1 -1 -2 -2],-0.22499999999999998,-0.25,0.0957427107756338,[-0.3 -0.3 -0.1 -0.2],-2.0,1.0,2.0,[ 1 -3 -3 -3],-1.35,-1.6,0.7325753658611969,[-0.3 -1.9 -1.8 -1.4],0.0,2.0,[-3  1  1  1],-0.22499999999999998,-0.2,0.04999999999999999,[-0.2 -0.2 -0.3 -0.2],round,1h6t,162,159,['G' 'L' 'V' 'H'],4,['G' 'G' 'G' 'G'],0.116035,0.01113666278559245,0.01113666278559245,0.116035,0.20034400000000002,0.006540810092539504,0.20034400000000002,0.006540810092539504,1h6t,A,1,3.0170421836635657e-24,0.7536784894299626,0.21206897906760375,3(10)
19714,0.6480846666666666,0.07275838212421534,0.07275838212421534,B,4.0,0.6480846666666666,3.6666666666666665,4.0,0.5773502691896258,[3 4 4],-1.6666666666666667,-1.3,0.8144527815247078,[-1.1 -1.3 -2.6],0.6666666666666666,-1.0,2.886751345948129,[ 4 -1 -1],-0.5,-0.3,0.3464101615137755,[-0.9 -0.3 -0.3],-4.0,1.0,1.7320508075688772,[-6 -3 -3],-1.2333333333333334,-1.5,0.6429100507328637,[-0.5 -1.7 -1.5],-0.6666666666666666,2.886751345948129,[ 1  1 -4],-0.26666666666666666,-0.3,0.05773502691896257,[-0.3 -0.3 -0.2],round,5v2x,335,333,['L' 'A' 'H'],3,['T' 'H' 'H'],0.115001,0.000944833847827219,0.000944833847827219,0.115001,0.206874,0.005805283197226481,0.206874,0.005805283197226481,5v2x,B,1,2.0437478951754178e-88,0.9903104715810653,1.4427759142745928e-65,3(10)
21180,0.6414886666666666,0.08536062105170823,0.08536062105170823,C,1.0,0.6414886666666666,4.0,4.0,0.0,[4 4 4],-1.9333333333333333,-2.5,1.2503332889007368,[-0.5 -2.8 -2.5],4.333333333333333,5.0,1.1547005383792517,[3 5 5],-0.3333333333333333,-0.3,0.15275252316519466,[-0.5 -0.2 -0.3],-3.3333333333333335,-4.0,0.5773502691896258,[-4 -3 -3],-1.4333333333333333,-1.4,0.4509249752822894,[-1.9 -1.4 -1. ],-2.3333333333333335,2.886751345948129,[ 1 -4 -4],-0.4333333333333333,-0.5,0.20816659994661327,[-0.2 -0.5 -0.6],round,1oao,407,405,['R' 'R' 'I'],3,['H' 'H' 'H'],0.11279966666666667,0.00989998996632489,0.00989998996632489,0.11279966666666667,0.208004,0.013527173577654716,0.208004,0.013527173577654716,1oao,C,1,7.114589379961293e-73,0.9882778516012166,5.038282512723015e-50,3(10)
26018,0.6399029999999999,0.048432682643025304,0.048432682643025304,C,4.0,0.6399029999999999,2.0,3.0,2.6457513110645907,[ 3  4 -1],-1.633333333333333,-1.7,1.3012814197295424,[-1.7 -2.9 -0.3],1.6666666666666667,3.0,3.2145502536643185,[ 4  3 -2],-0.7999999999999999,-0.3,0.9539392014169457,[-0.3 -1.9 -0.2],-3.6666666666666665,-4.0,1.1547005383792515,[-5 -3 -3],-1.5666666666666664,-1.6,0.1527525231651947,[-1.7 -1.6 -1.4],-3.0,3.605551275463989,[-6  1 -4],-0.3666666666666667,-0.4,0.057735026918962595,[-0.4 -0.3 -0.4],round,5a8m,282,280,['F' 'A' 'A'],3,['G' 'G' 'G'],0.114753,0.005910636767726464,0.005910636767726464,0.114753,0.20870999999999998,0.0018133226408998525,0.20870999999999998,0.0018133226408998525,5a8m,C,1,3.2422960874797367e-84,0.98983438350866,2.2862009111582528e-61,3(10)
26614,0.6609570000000001,0.14053418558841835,0.14053418558841835,B,9.0,0.6609570000000001,1.6666666666666667,3.0,2.3094010767585034,[ 3  3 -1],-1.1666666666666667,-1.5,0.7571877794400365,[-1.5 -1.7 -0.3],1.3333333333333333,-1.0,4.932882862316247,[-1  7 -2],-0.3,-0.2,0.264575131106459,[-0.2 -0.6 -0.1],-3.6666666666666665,1.0,0.5773502691896258,[-4 -4 -3],-1.7,-1.9,0.529150262212918,[-2.1 -1.9 -1.1],-0.6666666666666666,2.886751345948129,[ 1  1 -4],-0.3,-0.3,0.1,[-0.2 -0.3 -0.4],round,3gue,144,142,['F' 'L' 'R'],3,['H' 'G' 'G'],0.11382966666666668,0.009800898649273613,0.009800898649273613,0.11382966666666668,0.205265,0.012909101440456646,0.205265,0.012909101440456646,3gue,B,1,3.9103752733190846e-78,0.9890547999696526,2.768716595395705e-55,3(10)
31946,0.644164,0.04360123836544098,0.04360123836544098,B,3.0,0.644164,3.6666666666666665,4.0,0.5773502691896258,[3 4 4],-1.9666666666666668,-1.8,0.4725815626252608,[-1.6 -1.8 -2.5],2.0,3.0,2.6457513110645907,[ 4  3 -1],-0.43333333333333335,-0.3,0.23094010767585027,[-0.7 -0.3 -0.3],-1.6666666666666667,1.0,2.3094010767585034,[ 1 -3 -3],-1.0999999999999999,-1.4,0.7,[-0.3 -1.4 -1.6],-0.3333333333333333,3.214550253664318,[ 2  1 -4],-0.3333333333333333,-0.3,0.15275252316519466,[-0.2 -0.3 -0.5],round,4ax3,395,393,['K' 'R' 'A'],3,['T' 'H' 'H'],0.1109101,0.011555188502573198,0.011555188502573198,0.1109101,0.21351566666666666,0.0010223391479021774,0.21351566666666666,0.0010223391479021774,4ax3,B,1,3.9234375657277024e-84,0.9898244542338025,2.765270330284326e-61,3(10)
38401,0.662308,0.021693249426184804,0.021693249426184804,B,3.0,0.662308,1.75,2.5,1.8929694486000912,[ 3  3 -1  2],-1.2,-1.25,0.725718035235908,[-1.5 -2.  -0.3 -1. ],0.25,-1.0,3.947573094109004,[-1  6 -3 -1],-0.22499999999999998,-0.25,0.0957427107756338,[-0.3 -0.2 -0.1 -0.3],-2.25,0.5,1.5,[ 0 -3 -3 -3],-1.5,-1.85,1.0614455552060438,[ 0.  -2.3 -2.2 -1.5],-0.5,2.3804761428476167,[ 0  1  1 -4],-0.2,-0.25,0.1414213562373095,[ 0.  -0.3 -0.3 -0.2],round,1o6v,359,356,['P' 'V' 'S' 'S'],4,['G' 'G' 'G' 'G'],0.11544325,0.0015488844103633667,0.0015488844103633667,0.11544325,0.20324725,0.012570055008498032,0.20324725,0.012570055008498032,1o6v,B,1,8.840615112723392e-47,0.9819095528443978,6.091417159566638e-24,3(10)
44495,0.6466417499999999,0.05141605134180698,0.05141605134180698,C,10.0,0.6466417499999999,3.5,3.5,0.5773502691896257,[3 3 4 4],-1.6,-1.6,0.9128709291752769,[-1.4 -0.5 -1.8 -2.7],1.25,1.0,2.6299556396765835,[-1  4  3 -1],-0.425,-0.3,0.32015621187164245,[-0.3 -0.3 -0.9 -0.2],1.75,1.0,9.5,[16 -3 -3 -3],-1.4249999999999998,-1.6,0.6652067347825036,[-0.5 -1.8 -2.  -1.4],-0.25,2.5,[ 1  1  1 -4],-0.275,-0.3,0.04999999999999999,[-0.3 -0.3 -0.2 -0.3],round,4mx2,412,409,['A' 'V' 'V' 'A'],4,['G' 'G' 'G' 'H'],0.11396324999999999,0.005659468783964321,0.005659468783964321,0.11396324999999999,0.19848575000000002,0.006650618536396937,0.19848575000000002,0.006650618536396937,4mx2,C,1,8.55607211204461e-42,0.9798083329441809,6.032517395117444e-19,3(10)
53209,0.6560511428571428,0.15954244286545255,0.15954244286545255,D,2.0,0.6560511428571428,2.4285714285714284,3.0,1.5118578920369088,[ 3  3  3  3  3  3 -1],-1.4857142857142855,-1.5,0.6283008075451636,[-1.5 -2.3 -1.9 -1.7 -1.5 -1.2 -0.3],0.2857142857142857,-1.0,2.563479777846623,[-1 -1 -1  4  4 -1 -2],-0.3,-0.3,0.12909944487358055,[-0.1 -0.3 -0.3 -0.5 -0.4 -0.3 -0.2],-1.8571428571428572,1.0,1.9518001458970666,[ 1  1 -3 -3 -3 -3 -3],-1.3857142857142857,-1.7,0.7819389819088004,[-0.3 -0.3 -1.7 -1.5 -2.3 -1.9 -1.7],1.2857142857142858,0.48795003647426666,[2 2 1 1 1 1 1],-0.2571428571428572,-0.3,0.053452248382484864,[-0.2 -0.2 -0.3 -0.3 -0.3 -0.3 -0.2],round,3wvq,29,23,['A' 'V' 'Q' 'R' 'L' 'V' 'W'],7,['G' 'G' 'G' 'G' 'G' 'G' 'G'],0.11497264285714286,0.01054741924482906,0.01054741924482906,0.11497264285714286,0.19996214285714284,0.011242140653638467,0.19996214285714284,0.011242140653638467,3wvq,D,1,1.0752758786711016e-97,0.9912194243869299,7.5898059191407e-75,3(10)
53533,0.66068925,0.05785185528211981,0.05785185528211981,A,6.0,0.66068925,-5.0,1.0,13.466006584482772,[  3   3  -1 -25],-1.65,-1.8,1.02469507659596,[-2.1 -1.5 -0.3 -2.7],-0.5,-1.0,1.7320508075688772,[-1 -1 -2  2],-0.30000000000000004,-0.3,0.08164965809277261,[-0.3 -0.3 -0.2 -0.4],-3.0,-1.5,0.0,[-3 -3 -3 -3],-2.0500000000000003,-2.1,0.17320508075688779,[-2.1 -1.8 -2.2 -2.1],-1.5,2.886751345948129,[ 1  1 -4 -4],-0.24999999999999997,-0.3,0.09999999999999998,[-0.3 -0.3 -0.3 -0.1],round,3llo,701,698,['L' 'K' 'E' 'L'],4,['G' 'G' 'G' 'G'],0.115538,0.011792369425466052,0.011792369425466052,0.115538,0.20007175,0.03179416066276951,0.20007175,0.03179416066276951,3llo,A,1,8.31635956620045e-65,0.9868460718857355,5.856148997716295e-42,3(10)
55826,0.6644486,0.0700201172542577,0.0700201172542577,A,5.0,0.6644486,2.0,3.0,1.7320508075688772,[ 3  3  3 -1  2],-0.9399999999999998,-1.2,0.5941380311005179,[-1.4 -1.5 -1.2 -0.3 -0.3],-1.2,-1.0,0.4472135954999579,[-1 -1 -1 -2 -1],-0.27999999999999997,-0.3,0.04472135954999579,[-0.3 -0.3 -0.3 -0.2 -0.3],-3.2,-4.0,0.44721359549995787,[-4 -3 -3 -3 -3],-1.6,-1.5,0.3807886552931955,[-1.2 -2.2 -1.7 -1.4 -1.5],-3.8,0.44721359549995787,[-3 -4 -4 -4 -4],-0.44000000000000006,-0.4,0.1673320053068151,[-0.7 -0.5 -0.4 -0.3 -0.3],round,3hno,204,200,['A' 'G' 'G' 'L' 'A'],5,['G' 'G' 'G' 'G' 'G'],0.11669820000000002,0.004185635997073802,0.004185635997073802,0.11669820000000002,0.206581,0.014468355763527526,0.206581,0.014468355763527526,3hno,A,1,2.7147434903410775e-28,0.9705470501696479,1.916544900508733e-05,3(10)
56259,0.6651766666666666,0.12795180205973392,0.12795180205973392,A,2.0,0.6651766666666666,3.6666666666666665,4.0,0.5773502691896258,[3 4 4],-1.8666666666666665,-1.9,0.6506407098647712,[-1.2 -1.9 -2.5],0.6666666666666666,-1.0,2.886751345948129,[ 4 -1 -1],-0.5666666666666668,-0.3,0.4618802153517007,[-1.1 -0.3 -0.3],-3.0,1.0,0.0,[-3 -3 -3],-1.2666666666666666,-1.6,0.8504900548115382,[-0.3 -1.9 -1.6],1.0,0.0,[1 1 1],-0.26666666666666666,-0.3,0.05773502691896257,[-0.3 -0.3 -0.2],round,5ax1,138,136,['Y' 'K' 'W'],3,['T' 'H' 'H'],0.11534233333333332,0.0066463949125321565,0.0066463949125321565,0.11534233333333332,0.20603033333333332,0.011372946510616029,0.20603033333333332,0.011372946510616029,5ax1,A,1,1.6617994119771472e-56,0.9849540294111329,1.1752044158390737e-33,3(10)
57155,0.6578065,0.04843295448693313,0.04843295448693313,A,4.0,0.6578065,2.0,3.0,2.0,[ 3  3  3 -1],-1.575,-1.85,0.8845903006477065,[-2.  -1.7 -2.3 -0.3],-1.25,-1.0,0.5,[-1 -1 -1 -2],-0.225,-0.25,0.0957427107756338,[-0.2 -0.3 -0.3 -0.1],-3.5,1.0,0.5773502691896257,[-4 -4 -3 -3],-1.9,-1.8,0.4546060565661952,[-2.5 -1.5 -1.6 -2. ],-0.25,2.5,[ 1  1 -4  1],-0.35000000000000003,-0.3,0.1,[-0.3 -0.3 -0.5 -0.3],round,3e4g,135,132,['I' 'A' 'L' 'H'],4,['H' 'H' 'G' 'G'],0.11811649999999999,0.009279823292139423,0.009279823292139423,0.11811649999999999,0.20364275,0.014723589403289758,0.20364275,0.014723589403289758,3e4g,A,1,4.089084280060451e-43,0.9804096174127527,2.8828014922852757e-20,3(10)
58653,0.6430836,0.0471191214296277,0.0471191214296277,A,2.0,0.6430836,3.4,3.0,0.5477225575051661,[3 3 3 4 4],-2.2199999999999998,-2.2,0.7791020472312982,[-1.7 -2.6 -1.3 -3.3 -2.2],4.0,4.0,0.7071067811865476,[4 4 4 3 5],-0.5800000000000001,-0.4,0.5761944116355174,[-0.2 -0.3 -0.4 -0.4 -1.6],-2.4,-4.0,1.9493588689617927,[ 1 -4 -3 -3 -3],-1.44,-1.7,0.9181503144910425,[-0.2 -1.8 -0.9 -1.7 -2.6],-1.8,3.03315017762062,[ 2  1 -4 -4 -4],-0.33999999999999997,-0.3,0.20736441353327717,[-0.2 -0.3 -0.7 -0.3 -0.2],round,4ar9,424,420,['E' 'Y' 'K' 'L' 'N'],5,['H' 'H' 'T' 'T' 'H'],0.11400794,0.011633203308547476,0.011633203308547476,0.11400794,0.21191239999999997,0.008617033410634998,0.21191239999999997,0.008617033410634998,4ar9,A,1,3.3478649322751984e-50,0.9831104359408394,2.3516915143555175e-27,3(10)
59809,0.6593217499999999,0.0513704110967588,0.0513704110967588,D,3.0,0.6593217499999999,10.5,3.0,15.0,[ 3  3  3 33],-1.65,-1.5,1.236931687685298,[-1.5 -1.5 -0.3 -3.3],9.0,1.5,16.832508230603462,[-1  4 -1 34],-0.375,-0.3,0.15000000000000002,[-0.3 -0.6 -0.3 -0.3],-3.0,1.0,0.0,[-3 -3 -3 -3],-1.475,-1.45,0.1707825127659933,[-1.7 -1.3 -1.4 -1.5],-0.25,2.5,[ 1 -4  1  1],-0.3,-0.25,0.1414213562373095,[-0.2 -0.5 -0.3 -0.2],round,5nuz,134,131,['D' 'M' 'S' 'W'],4,['G' 'G' 'G' 'G'],0.1139227,0.01433018939953923,0.01433018939953923,0.1139227,0.20079975,0.014923889112761456,0.20079975,0.014923889112761456,5nuz,D,1,1.9392929787914032e-122,0.9929763791222279,1.364863792224353e-99,3(10)
74487,0.640629,0.0875417873018366,0.0875417873018366,C,2.0,0.640629,4.0,4.0,0.0,[4 4 4],-2.0,-2.2,0.5291502622129182,[-1.4 -2.4 -2.2],0.3333333333333333,-1.0,2.3094010767585034,[ 3 -1 -1],-0.36666666666666664,-0.3,0.20816659994661327,[-0.6 -0.3 -0.2],-3.0,1.0,0.0,[-3 -3 -3],-1.5999999999999999,-1.7,0.3605551275463989,[-1.2 -1.9 -1.7],-0.6666666666666666,2.886751345948129,[ 1  1 -4],-0.2333333333333333,-0.2,0.05773502691896256,[-0.3 -0.2 -0.2],round,4hes,60,58,['I' 'K' 'V'],3,['G' 'H' 'H'],0.10946816666666666,0.01333528282727191,0.01333528282727191,0.10946816666666666,0.21389533333333333,0.008814093846410607,0.21389533333333333,0.008814093846410607,4hes,C,1,6.871194989799549e-30,0.9720799841231403,4.8346141159438e-07,3(10)
74567,0.66404575,0.044308323118612096,0.044308323118612096,A,3.0,0.66404575,1.0,1.0,2.309401076758503,[ 3  3 -1 -1],-1.0499999999999998,-0.85,0.9949874371066199,[-2.3 -1.4 -0.3 -0.2],2.75,-2.0,9.5,[-2 17 -2 -2],-0.425,-0.2,0.45000000000000007,[-0.2 -1.1 -0.2 -0.2],-3.5,1.0,0.5773502691896257,[-4 -4 -3 -3],-2.075,-2.0,0.5188127472091126,[-2.7 -1.6 -1.7 -2.3],-0.25,2.5,[ 1  1  1 -4],-0.25,-0.25,0.05773502691896256,[-0.3 -0.3 -0.2 -0.2],round,5tk9,13,10,['Q' 'L' 'R' 'Q'],4,['H' 'G' 'G' 'G'],0.11374715,0.01251181082377767,0.01251181082377767,0.11374715,0.20567125,0.022602659421330638,0.20567125,0.022602659421330638,5tk9,A,1,4.604132381001467e-33,0.9746627711860956,3.2580700764148955e-10,3(10)
76202,0.6581743333333333,0.05692278419344344,0.05692278419344344,A,8.0,0.6581743333333333,3.6666666666666665,4.0,0.5773502691896258,[3 4 4],-1.8666666666666665,-1.5,1.0016652800877812,[-1.5 -1.1 -3. ],0.6666666666666666,-1.0,2.886751345948129,[ 4 -1 -1],-0.39999999999999997,-0.3,0.17320508075688773,[-0.6 -0.3 -0.3],-3.3333333333333335,-4.0,0.5773502691896258,[-4 -3 -3],-1.0,-1.2,0.529150262212918,[-0.4 -1.4 -1.2],-2.6666666666666665,3.2145502536643185,[-5  1 -4],-0.3,-0.3,0.0,[-0.3 -0.3 -0.3],round,5bwd,243,241,['L' 'D' 'N'],3,['T' 'H' 'H'],0.11715466666666667,0.0066588843910472895,0.0066588843910472895,0.11715466666666667,0.2015916666666667,0.005059150554523294,0.2015916666666667,0.005059150554523294,5bwd,A,1,4.123753256970789e-34,0.9754167659299755,2.901744844924001e-11,3(10)
81058,0.6401623333333334,0.04413397535157392,0.04413397535157392,A,3.0,0.6401623333333334,1.6666666666666667,3.0,2.3094010767585034,[ 3  3 -1],-1.2,-1.5,0.7937253933193772,[-1.8 -1.5 -0.3],-1.3333333333333333,-1.0,0.5773502691896257,[-1 -1 -2],-0.26666666666666666,-0.3,0.05773502691896257,[-0.3 -0.3 -0.2],-3.0,1.0,0.0,[-3 -3 -3],-1.9666666666666668,-1.9,0.11547005383792526,[-1.9 -2.1 -1.9],-0.6666666666666666,2.886751345948129,[ 1  1 -4],-0.3,-0.3,0.0,[-0.3 -0.3 -0.3],round,3pig,361,359,['M' 'E' 'G'],3,['G' 'G' 'G'],0.110354,0.007882807177649342,0.007882807177649342,0.110354,0.2142103333333333,0.010743464819755936,0.2142103333333333,0.010743464819755936,3pig,A,1,1.899842092396888e-176,0.9951114761178855,1.332082554755591e-153,3(10)
81222,0.664435,0.09610759902838066,0.09610759902838066,A,2.0,0.664435,0.3333333333333333,-1.0,2.3094010767585034,[ 3 -1 -1],-0.5333333333333333,-0.3,0.4932882862316248,[-1.1 -0.3 -0.2],43.333333333333336,-2.0,78.5196366097891,[ -2 134  -2],-0.16666666666666666,-0.2,0.05773502691896258,[-0.2 -0.1 -0.2],-3.0,1.0,0.0,[-3 -3 -3],-2.0,-2.1,0.17320508075688776,[-1.8 -2.1 -2.1],-0.6666666666666666,2.886751345948129,[ 1  1 -4],-0.2333333333333333,-0.2,0.05773502691896256,[-0.3 -0.2 -0.2],round,5cdl,190,188,['N' 'G' 'A'],3,['G' 'G' 'G'],0.11494166666666666,0.010020453798772458,0.010020453798772458,0.11494166666666666,0.20706933333333333,0.025506356939659833,0.20706933333333333,0.025506356939659833,5cdl,A,1,6.39098000195456e-35,0.9759661375657634,4.511321206497422e-12,3(10)
84377,0.65421,0.03441779712590566,0.03441779712590566,C,3.0,0.65421,1.6666666666666667,3.0,2.3094010767585034,[ 3  3 -1],-1.0333333333333334,-1.2,0.7637626158259733,[-1.2 -1.7 -0.2],-1.3333333333333333,-1.0,0.5773502691896257,[-1 -1 -2],-0.26666666666666666,-0.3,0.05773502691896257,[-0.3 -0.3 -0.2],-3.0,1.0,0.0,[-3 -3 -3],-1.5,-1.8,0.7000000000000001,[-0.7 -1.8 -2. ],-0.6666666666666666,2.886751345948129,[ 1 -4  1],-0.3,-0.3,0.0,[-0.3 -0.3 -0.3],round,1uuj,46,44,['D' 'K' 'K'],3,['G' 'G' 'G'],0.11466566666666667,0.011317296246601192,0.011317296246601192,0.11466566666666667,0.2085416666666667,0.00048750418801620063,0.2085416666666667,0.00048750418801620063,1uuj,C,1,6.2040514986887795e-25,0.9230422692313562,0.04371775799796861,3(10)
87524,0.6481480000000001,0.048361484351358265,0.048361484351358265,A,2.0,0.6481480000000001,2.0,3.0,2.0,[ 3  3  3 -1],-1.275,-1.5499999999999998,0.6652067347825035,[-1.4 -1.7 -1.7 -0.3],0.0,-1.0,2.70801280154532,[ 4 -1 -1 -2],-0.27499999999999997,-0.3,0.04999999999999999,[-0.3 -0.3 -0.3 -0.2],-2.0,1.0,2.0,[ 1 -3 -3 -3],-1.0499999999999998,-1.15,0.5802298395176404,[-0.3 -0.9 -1.6 -1.4],1.25,0.5,[2 1 1 1],-0.275,-0.3,0.04999999999999999,[-0.2 -0.3 -0.3 -0.3],round,4p29,38,35,['T' 'Q' 'T' 'L'],4,['G' 'G' 'G' 'G'],0.11370545000000001,0.013198109127573288,0.013198109127573288,0.11370545000000001,0.21131475000000002,0.005528695589075851,0.21131475000000002,0.005528695589075851,4p29,A,1,1.4634816846016956e-49,0.9828969881371797,1.029258557355531e-26,3(10)
90718,0.6706212500000001,0.08715970270859116,0.08715970270859116,A,4.0,0.6706212500000001,2.0,3.0,2.0,[ 3  3  3 -1],-1.2,-1.4,0.6164414002968975,[-1.4 -1.4 -1.7 -0.3],-1.5,-1.5,0.5773502691896257,[-2 -1 -1 -2],-0.22499999999999998,-0.2,0.04999999999999999,[-0.2 -0.2 -0.3 -0.2],-3.5,1.0,0.5773502691896257,[-4 -4 -3 -3],-0.975,-0.95,0.33040379335998343,[-1.  -0.6 -0.9 -1.4],0.0,2.0,[ 1 -3  1  1],-0.325,-0.3,0.12583057392117916,[-0.2 -0.5 -0.3 -0.3],round,3dzo,310,307,['L' 'R' 'L' 'R'],4,['H' 'G' 'G' 'G'],0.11713000000000001,0.00790123783551244,0.00790123783551244,0.11713000000000001,0.2034515,0.005598671896083915,0.2034515,0.005598671896083915,3dzo,A,1,4.477106286118963e-49,0.9827308412452649,3.163118017113125e-26,3(10)
92481,0.6688446666666666,0.04150799511339151,0.04150799511339151,D,7.0,0.6688446666666666,1.3333333333333333,2.0,2.0816659994661326,[ 3 -1  2],-0.8333333333333334,-0.9,0.5033222956847168,[-1.3 -0.3 -0.9],7.0,-1.0,14.730919862656235,[-1 -2 24],-0.3,-0.3,0.1,[-0.3 -0.2 -0.4],-3.3333333333333335,-4.0,0.5773502691896258,[-4 -3 -3],-1.7333333333333332,-1.9,0.6658328118479392,[-2.3 -1.  -1.9],-4.333333333333333,0.5773502691896258,[-5 -4 -4],-0.3,-0.3,0.1,[-0.3 -0.4 -0.2],round,1vj0,337,335,['S' 'K' 'L'],3,['G' 'G' 'G'],0.11424400000000001,0.006604658128926888,0.006604658128926888,0.11424400000000001,0.20336366666666664,0.0202483036902683,0.20336366666666664,0.0202483036902683,1vj0,D,1,3.647323743226647e-36,0.9767654649306827,2.579852749327636e-13,3(10)
102462,0.650526,0.017878328575867086,0.017878328575867086,B,2.0,0.650526,2.0,3.0,2.0,[ 3  3  3 -1],-1.175,-1.2999999999999998,0.7135591542869215,[-1.4 -1.2 -1.9 -0.2],-1.25,-1.0,0.5,[-1 -1 -1 -2],-0.24999999999999997,-0.3,0.09999999999999998,[-0.3 -0.3 -0.3 -0.1],-2.0,-1.0,2.0,[ 1 -3 -3 -3],-1.35,-1.5,0.7593857166596345,[-0.3 -2.1 -1.6 -1.4],-1.25,2.6299556396765835,[-3  1 -4  1],-0.275,-0.3,0.04999999999999999,[-0.2 -0.3 -0.3 -0.3],round,5e57,120,117,['G' 'A' 'L' 'Y'],4,['G' 'G' 'G' 'G'],0.11667425,0.008464995230358967,0.008464995230358967,0.11667425,0.19896899999999998,0.012633521625685653,0.19896899999999998,0.012633521625685653,5e57,B,1,2.533335372225486e-141,0.9939069029950675,1.7842864113078906e-118,3(10)
106259,0.65014,0.09002342581795034,0.09002342581795034,A,10.0,0.65014,1.6666666666666667,3.0,2.3094010767585034,[ 3  3 -1],-1.0333333333333332,-0.9,0.8082903768654761,[-1.9 -0.9 -0.3],0.3333333333333333,-1.0,3.2145502536643185,[ 4 -1 -2],-0.3,-0.3,0.1,[-0.4 -0.3 -0.2],-3.6666666666666665,1.0,0.5773502691896258,[-4 -4 -3],-1.8,-2.1,0.7,[-2.3 -1.  -2.1],-0.3333333333333333,2.3094010767585034,[ 1 -3  1],-0.3333333333333333,-0.3,0.15275252316519466,[-0.3 -0.5 -0.2],round,5fby,2194,2192,['A' 'R' 'D'],3,['H' 'G' 'G'],0.11367899999999997,0.009925823290790541,0.009925823290790541,0.11367899999999997,0.208659,0.005753109420131018,0.208659,0.005753109420131018,5fby,A,1,2.2223550936579438e-24,0.8092948924036227,0.15666888429336115,3(10)
111234,0.651332,0.07277821787458116,0.07277821787458116,A,6.0,0.651332,3.3333333333333335,3.0,0.5773502691896258,[3 3 4],-1.6333333333333335,-2.0,0.7234178138070235,[-2.  -0.8 -2.1],2.3333333333333335,4.0,2.886751345948129,[ 4  4 -1],-0.46666666666666673,-0.4,0.20816659994661324,[-0.4 -0.7 -0.3],-3.0,1.0,0.0,[-3 -3 -3],-1.4666666666666668,-1.3,0.6658328118479394,[-1.3 -0.9 -2.2],1.0,0.0,[1 1 1],-0.26666666666666666,-0.3,0.05773502691896257,[-0.3 -0.3 -0.2],round,3ntv,43,41,['E' 'V' 'L'],3,['G' 'G' 'H'],0.11712033333333334,0.008535508205920328,0.008535508205920328,0.11712033333333334,0.20365733333333333,0.010176996331596716,0.20365733333333333,0.010176996331596716,3ntv,A,1,1.0227574591276112e-54,0.9844735026729294,7.196299323366779e-32,3(10)
131691,0.6630436666666667,0.020145658994764427,0.020145658994764427,A,5.0,0.6630436666666667,1.6666666666666667,3.0,2.3094010767585034,[ 3  3 -1],-1.0999999999999999,-0.6,1.1357816691600546,[-2.4 -0.6 -0.3],2.6666666666666665,4.0,4.163331998932265,[ 4  6 -2],-0.26666666666666666,-0.2,0.11547005383792516,[-0.2 -0.4 -0.2],-3.6666666666666665,-3.0,0.5773502691896258,[-4 -4 -3],-1.9333333333333333,-2.2,0.6429100507328637,[-2.4 -1.2 -2.2],-2.0,2.6457513110645907,[ 1 -3 -4],-0.3666666666666667,-0.3,0.11547005383792516,[-0.3 -0.5 -0.3],round,3e10,58,56,['L' 'S' 'N'],3,['H' 'G' 'G'],0.11593733333333334,0.0058050678147058155,0.0058050678147058155,0.11593733333333334,0.20235333333333336,0.021909357392067286,0.20235333333333336,0.021909357392067286,3e10,A,1,9.187555506138665e-31,0.9728402267651597,6.499634359375477e-08,3(10)
132734,0.65787275,0.0667604915119464,0.0667604915119464,A,3.0,0.65787275,1.75,2.5,1.8929694486000912,[ 3  3 -1  2],-0.95,-0.95,0.6454972243679027,[-1.4 -1.6 -0.3 -0.5],1.75,1.5,3.8622100754188224,[ 4  6 -2 -1],-0.25,-0.25,0.12909944487358055,[-0.1 -0.4 -0.2 -0.3],-2.0,-1.5,2.0,[ 1 -3 -3 -3],-1.1749999999999998,-1.45,0.5852349955359812,[-0.3 -1.5 -1.5 -1.4],-1.25,3.2015621187164243,[ 2  1 -4 -4],-0.325,-0.25,0.18929694486000911,[-0.2 -0.3 -0.6 -0.2],round,3kzp,85,82,['Q' 'Q' 'L' 'F'],4,['G' 'G' 'G' 'G'],0.11769775,0.008588378130745445,0.008588378130745445,0.11769775,0.20445825,0.016144985503761422,0.20445825,0.016144985503761422,3kzp,A,1,3.7737884131588764e-29,0.9713964023079719,2.6556067328349317e-06,3(10)
138410,0.669613,0.05660791648406314,0.05660791648406314,A,2.0,0.669613,3.25,3.0,0.5,[3 3 3 4],-2.025,-1.9,0.33040379335998343,[-1.8 -1.8 -2.  -2.5],0.0,-1.0,2.0,[-1 -1 -1  3],-0.55,-0.3,0.5,[-0.3 -0.3 -0.3 -1.3],-3.25,-4.0,0.5,[-4 -3 -3 -3],-1.85,-1.9500000000000002,0.40414518843273806,[-2.1 -1.3 -2.2 -1.8],-2.75,2.5,[ 1 -4 -4 -4],-0.325,-0.3,0.05000000000000002,[-0.3 -0.4 -0.3 -0.3],round,6gcz,19,16,['D' 'V' 'M' 'R'],4,['G' 'G' 'G' 'G'],0.116756,0.005065573873379664,0.005065573873379664,0.116756,0.2058905,0.004099962642106225,0.2058905,0.004099962642106225,6gcz,A,1,2.702439641213929e-59,0.9856475472215799,1.908375829725145e-36,3(10)
141058,0.6464466666666667,0.07780935382287493,0.07780935382287493,A,3.0,0.6464466666666667,8.666666666666666,3.0,13.428824718989125,[ 3 -1 24],-1.5,-1.6,1.1532562594670797,[-1.6 -0.3 -2.6],-0.3333333333333333,-1.0,2.081665999466133,[-1 -2  2],-0.3333333333333333,-0.3,0.15275252316519466,[-0.3 -0.2 -0.5],-3.0,1.0,0.0,[-3 -3 -3],-1.9333333333333333,-1.9,0.3511884584284245,[-1.6 -2.3 -1.9],-0.6666666666666666,2.886751345948129,[ 1  1 -4],-0.2333333333333333,-0.3,0.11547005383792515,[-0.3 -0.3 -0.1],round,3mcx,332,330,['H' 'C' 'L'],3,['G' 'G' 'G'],0.11455133333333334,0.012316783116274049,0.012316783116274049,0.11455133333333334,0.19871766666666665,0.02814302686871711,0.19871766666666665,0.02814302686871711,3mcx,A,1,1.4362225411375602e-105,0.9918670972200959,1.0091584721765766e-82,3(10)
163133,0.6483076666666666,0.09466867049592843,0.09466867049592843,A,4.0,0.6483076666666666,3.6666666666666665,3.5,0.816496580927726,[3 4 3 3 4 5],-1.45,-1.35,0.7341661937191061,[-1.3 -0.3 -1.2 -1.4 -2.3 -2.2],2.5,4.0,2.7386127875258306,[-1 -1  4  4  5  4],-0.6999999999999998,-0.44999999999999996,0.6603029607687672,[-0.3 -0.3 -0.6 -0.7 -0.3 -2. ],-2.5,0.5,1.224744871391589,[-3 -3 -3 -3  0 -3],-1.3499999999999999,-1.5,0.7395944834840238,[-1.7 -2.1 -1.8 -1.3  0.  -1.2],-7.0,16.769019053003667,[  1 -41   1   1   0  -4],-0.23333333333333336,-0.3,0.12110601416389967,[-0.3 -0.3 -0.2 -0.3  0.  -0.3],round,4rep,209,204,['M' 'T' 'M' 'I' 'P' 'H'],6,['G' 'G' 'G' 'H' 'H' 'H'],0.11741800000000001,0.00870174711193103,0.00870174711193103,0.11741800000000001,0.2009815,0.012767610516459223,0.2009815,0.012767610516459223,4rep,A,1,2.807794831784598e-46,0.9817123854978255,1.9896393625339583e-23,3(10)
163833,0.6578873333333334,0.09650125009725694,0.09650125009725694,A,4.0,0.6578873333333334,1.3333333333333333,2.0,2.0816659994661326,[ 3 -1  2],-1.0666666666666667,-0.5,1.1590225767142472,[-2.4 -0.3 -0.5],16.666666666666668,7.0,24.00694344004112,[ 7 44 -1],-0.26666666666666666,-0.3,0.15275252316519466,[-0.4 -0.1 -0.3],-4.0,1.0,0.0,[-4 -4 -4],-1.5666666666666667,-1.7,1.1060440015358037,[-2.6 -1.7 -0.4],14.333333333333334,23.09401076758503,[ 1  1 41],-0.2333333333333333,-0.3,0.11547005383792515,[-0.3 -0.3 -0.1],round,5loz,47,45,['K' 'S' 'Y'],3,['' 'T' 'T'],0.11388966666666667,0.00437972982423955,0.00437972982423955,0.11388966666666667,0.20002733333333333,0.014832358454855846,0.20002733333333333,0.014832358454855846,5loz,A,1,2.1953148926629057e-100,0.9914518608011427,1.5489283985232438e-77,3(10)
